code,url,titre,type,section_degre
1129-H,https://www.ledifice.net/1129-H.pdf,Ledifice (document),PDF,Général / accueil / revues
2501-0,https://www.ledifice.net/2501-0.pdf,Tous les Recueils,PDF,Mots clés / éditions / recueils / lettres
2501-1,https://www.ledifice.net/2501-1.pdf,Liste de tous les Recueils de l'Edifice,PDF,Mots clés / éditions / recueils / lettres
2501-A,https://www.ledifice.net/2501-A.pdf,Liste des Recueils du 4° pour les Maîtres Secrets,PDF,Mots clés / éditions / recueils / lettres
2501-B,https://www.ledifice.net/2501-B.pdf,Ledifice (recueil),PDF,Mots clés / éditions / recueils / lettres
2502-1,https://www.ledifice.net/2502-1.pdf,Liste des Recueils à télécharger (06/11/2022),PDF,Mots clés / éditions / recueils / lettres
2502-3,https://www.ledifice.net/2502-3.pdf,Liste des Recueils à télécharger pour les Apprentis (2502-3),PDF,Mots clés / éditions / recueils / lettres
2502-7,https://www.ledifice.net/2502-7.pdf,Liste des Recueils à Télécharger pour les Maîtres 2502-7,PDF,Mots clés / éditions / recueils / lettres
2502-A,https://www.ledifice.net/2502-A.pdf,Liste des Recueils à Télécharger pour les 4° : MS,PDF,Mots clés / éditions / recueils / lettres
2503-A,https://www.ledifice.net/2503-A.pdf,Liste des Recueils imprimés pour les 4° : MS,PDF,Mots clés / éditions / recueils / lettres
2504-1,https://www.ledifice.net/2504-1.pdf,Tous les Mots Clé 2504-1,PDF,Mots clés / éditions / recueils / lettres
2651-D,https://www.ledifice.net/2651-D.pdf,Tous les Titres des Editions DERVY,PDF,Mots clés / éditions / recueils / lettres
2651-Y,https://www.ledifice.net/2651-Y.pdf,Tous les Titres du Fonds Bayard de la GLDF,PDF,Mots clés / éditions / recueils / lettres
K000-0,https://www.ledifice.net/K000-0.pdf,Khalam — Rite Ancien et Primitif de Memphis-Misraïm (Bulletin trimestriel GLMF),PDF,Revue Khalam (K)
K002-0,https://www.ledifice.net/K002-0.pdf,Khalam — Memphis-Misraïm,PDF,Revue Khalam (K)
K020-0,https://www.ledifice.net/K020-0.pdf,Rite Ancien et Primitif de Memphis-Misraïm,PDF,Revue Khalam (K)
K021-0,https://www.ledifice.net/K021-0.pdf,Khalam n°21 — À la Gloire du GADLU (fév. 2007),PDF,Revue Khalam (K)
K026-0,https://www.ledifice.net/K026-0.pdf,Khalam — Bulletin trimestriel GLMF Memphis-Misraïm,PDF,Revue Khalam (K)
K028-0,https://www.ledifice.net/K028-0.pdf,À la Gloire du Grand Architecte de l'Univers,PDF,Revue Khalam (K)
K030-0,https://www.ledifice.net/K030-0.pdf,Khalam — Grande Loge Mixte Française,PDF,Revue Khalam (K)
K032-0,https://www.ledifice.net/K032-0.pdf,À la Gloire du Grand Architecte de l'Univers,PDF,Revue Khalam (K)
K035-0,https://www.ledifice.net/K035-0.pdf,Khalam n°35 (sept. 2011),PDF,Revue Khalam (K)
K036-0,https://www.ledifice.net/K036-0.pdf,Bulletin Trimestriel - À la gloire du Grand Architecte de l'Univers,PDF,Revue Khalam (K)
L460-0,https://www.ledifice.net/L460-0.pdf,Ouvrages NUMERILIVRE commercialisés par L'EDIFICE,PDF,Ouvrages / mémentos (L)
P136-8,https://www.ledifice.net/P136-8.pdf,Guide L'Édifice (bibliothèque de planches),PDF,Guides / études (P)
R100-F,https://www.ledifice.net/R100-F.pdf,Le nouveau site de l'Edifice : Le Forum (mars 2016),PDF,Recueils (R)
S002-0,https://www.ledifice.net/S002-0.pdf,Sub Rosa — Loge de Recherche à l'Orient de Genève,PDF,Une Parole Circule / Sub Rosa (S)
S003-Z,https://www.ledifice.net/S003-Z.pdf,Sub Rosa n°3/10 (avril 6010),PDF,Une Parole Circule / Sub Rosa (S)
S006-0,https://www.ledifice.net/S006-0.pdf,Sub Rosa n°6/11 (janvier 6011),PDF,Une Parole Circule / Sub Rosa (S)
S006-Z,https://www.ledifice.net/S006-Z.pdf,"Sub Rosa n°6/11 (janvier 6011, variante)",PDF,Une Parole Circule / Sub Rosa (S)
S010-Z,https://www.ledifice.net/S010-Z.pdf,Une Parole Circule n°10/12 (janvier 6012),PDF,Une Parole Circule / Sub Rosa (S)
S013-0,https://www.ledifice.net/S013-0.pdf,Une Parole Circule n°13/12 (octobre 6012),PDF,Une Parole Circule / Sub Rosa (S)
S014-Z,https://www.ledifice.net/S014-Z.pdf,Une Parole Circule No 14/13 (janvier 6013),PDF,Une Parole Circule / Sub Rosa (S)
S016-0,https://www.ledifice.net/S016-0.pdf,Une Parole Circule No 16/13 (juillet 6013),PDF,Une Parole Circule / Sub Rosa (S)
S018-Z,https://www.ledifice.net/S018-Z.pdf,Une Parole Circule No 18/14 - janvier 6014,PDF,Une Parole Circule / Sub Rosa (S)
S019-Z,https://www.ledifice.net/S019-Z.pdf,Une Parole Circule No 19/14 - avril 6014,PDF,Une Parole Circule / Sub Rosa (S)
S021-0,https://www.ledifice.net/S021-0.pdf,Une Parole Circule n°20/14 (octobre 6014),PDF,Une Parole Circule / Sub Rosa (S)
S021-Z,https://www.ledifice.net/S021-Z.pdf,Une Parole Circule n°21/14 (variante imp.),PDF,Une Parole Circule / Sub Rosa (S)
S022-0,https://www.ledifice.net/S022-0.pdf,Une Parole Circule No 22/15 (janvier 6015),PDF,Une Parole Circule / Sub Rosa (S)
S024-0,https://www.ledifice.net/S024-0.pdf,Une Parole Circule,PDF,Une Parole Circule / Sub Rosa (S)
S025-Z,https://www.ledifice.net/S025-Z.pdf,Une Parole Circule n°25/15 (octobre 6015),PDF,Une Parole Circule / Sub Rosa (S)
S026-Z,https://www.ledifice.net/S026-Z.pdf,Une Parole Circule n°12/12 — Énergie et le Boson de Higgs,PDF,Une Parole Circule / Sub Rosa (S)
S029-0,https://www.ledifice.net/S029-0.pdf,Une Parole Circule n°29/16 (octobre 6016),PDF,Une Parole Circule / Sub Rosa (S)
S039-0,https://www.ledifice.net/S039-0.pdf,Une Parole Circule No 39/19 - 2e trimestre 6019,PDF,Une Parole Circule / Sub Rosa (S)
S040-Z,https://www.ledifice.net/S040-Z.pdf,Une Parole Circule N° 40/19,PDF,Une Parole Circule / Sub Rosa (S)
