url,titre,domaine
https://www.ledifice-4plus.net/,L'ÉDIFICE – Accueil du Site des Hauts Grades (accès protégé par mot de passe),ledifice-4plus.net
https://www.ledifice-4plus.net/1000-0.html,"L'ÉDIFICE (accueil/sommaire 4plus, coordonnées contact@ledifice.net)",ledifice-4plus.net
https://www.ledifice-4plus.net/A000-2.doc,Ledifice-4plus (document Word A000-2),ledifice-4plus.net
https://www.ledifice-4plus.net/customeradmin/index.php,Administration (portail client / login),ledifice-4plus.net
https://www.ledifice-4plus.net/customeradmin/recoverpw.php,Administration - Récupération de mot de passe,ledifice-4plus.net
https://www.ledifice-4plus.net/protected/,"Zone protégée hauts grades (URL /protected/ + n° de page, réservée aux abonnés)",ledifice-4plus.net
https://www.ledifice-edition.net/,"L'Edifice Edition (boutique, domaine connexe)",ledifice-edition.net
https://www.ledifice-edition.net/category.php?id_category=162,Format à télécharger en pdf - L'Edifice Edition (domaine connexe),ledifice-edition.net
https://www.ledifice-edition.net/manufacturer.php,Manufacturers - L'Edifice Edition (domaine connexe),ledifice-edition.net
