url,titre,section,sous_categorie
https://ledifice.net/,L'ÉDIFICE - La plus grande Bibliothèque de planches maçonniques (accueil nouveau),(accueil),
https://ledifice.net/1er-degre/3019-9-planche-daccueil-dune-apprentie-sur-le-theme-du-bandeau,Planche d'accueil d'une Apprentie sur le thème du bandeau,1er degré (Apprenti),1er-degre/3019-9-planche-daccueil-dune-apprentie-sur-le-theme-du-bandeau
https://ledifice.net/1er-degre/3024-b-cain-et-abel-ou-le-premier-meurtre,3024-B : Caïn et Abel ou le premier meurtre,1er degré (Apprenti),1er-degre/3024-b-cain-et-abel-ou-le-premier-meurtre
https://ledifice.net/1er-degre/3045-3-le-progres-a-t-il-un-avenir,3045-3 : Le Progrès a-t-il un avenir ?,1er degré (Apprenti),1er-degre/3045-3-le-progres-a-t-il-un-avenir
https://ledifice.net/1er-degre/3088-2,3088-2,1er degré (Apprenti),1er-degre/3088-2
https://ledifice.net/1er-degre/a-moi-mes-ff-par-le-signe-la-batterie-et,"A moi mes FF par le signe, la batterie, et",1er degré (Apprenti),1er-degre/a-moi-mes-ff-par-le-signe-la-batterie-et
https://ledifice.net/1er-degre/acclamation-ecossaise-houzze-houzze-houzze-2,Acclamation Ecossaise – Houzzé,1er degré (Apprenti),1er-degre/acclamation-ecossaise-houzze-houzze-houzze-2
https://ledifice.net/1er-degre/alphabet-maconnique-francais-2,Alphabet maçonnique « français »,1er degré (Apprenti),1er-degre/alphabet-maconnique-francais-2
https://ledifice.net/1er-degre/boaz-5,Boaz,1er degré (Apprenti),1er-degre/boaz-5
https://ledifice.net/1er-degre/boaz-6,Boaz,1er degré (Apprenti),1er-degre/boaz-6
https://ledifice.net/1er-degre/comment-ecrire-les-3-points-en-triangle-2,Comment écrire les 3 points en triangle,1er degré (Apprenti),1er-degre/comment-ecrire-les-3-points-en-triangle-2
https://ledifice.net/1er-degre/discours-de-reception-dun-profane-en-loge-2,Discours de réception d'un profane en Loge,1er degré (Apprenti),1er-degre/discours-de-reception-dun-profane-en-loge-2
https://ledifice.net/1er-degre/histoire-du-reaa-rite-ecossais-ancien-etaccepte,"Histoire du REAA, Rite Ecossais Ancien et Accepté",1er degré (Apprenti),1er-degre/histoire-du-reaa-rite-ecossais-ancien-etaccepte
https://ledifice.net/1er-degre/la-batterie-4,La Batterie,1er degré (Apprenti),1er-degre/la-batterie-4
https://ledifice.net/1er-degre/la-mort-dans-la-religion-chretienne-et-sonsymbolisme4,La mort dans la religion chrétienne et son symbolisme,1er degré (Apprenti),1er-degre/la-mort-dans-la-religion-chretienne-et-sonsymbolisme4
https://ledifice.net/1er-degre/lair-5,L'Air,1er degré (Apprenti),1er-degre/lair-5
https://ledifice.net/1er-degre/le-cabinet-de-reflexion-12,Le cabinet de réflexion,1er degré (Apprenti),1er-degre/le-cabinet-de-reflexion-12
https://ledifice.net/1er-degre/le-cabinet-de-reflexion-et-ses-symboles,Le Cabinet de Réflexion et ses symboles,1er degré (Apprenti),1er-degre/le-cabinet-de-reflexion-et-ses-symboles
https://ledifice.net/1er-degre/le-ciseau,Le Ciseau,1er degré (Apprenti),1er-degre/le-ciseau
https://ledifice.net/1er-degre/le-degrossissage-de-la-pierre-brute-est-un-art-2,Le dégrossissage de la pierre brute est un Art,1er degré (Apprenti),1er-degre/le-degrossissage-de-la-pierre-brute-est-un-art-2
https://ledifice.net/1er-degre/le-fil-a-plomb-12,Le Fil à Plomb,1er degré (Apprenti),1er-degre/le-fil-a-plomb-12
https://ledifice.net/1er-degre/le-grand-architecte-de-lunivers-dans-la-tradition-ecossaise,Le Grand Architecte de l'Univers dans la Tradition Ecossaise,1er degré (Apprenti),1er-degre/le-grand-architecte-de-lunivers-dans-la-tradition-ecossaise
https://ledifice.net/1er-degre/le-pave-mosaique-19,Le Pavé Mosaïque,1er degré (Apprenti),1er-degre/le-pave-mosaique-19
https://ledifice.net/1er-degre/le-signe-au-grade-dapprenti-2,Le Signe au Grade d'Apprenti,1er degré (Apprenti),1er-degre/le-signe-au-grade-dapprenti-2
https://ledifice.net/1er-degre/le-silence-24,Le Silence,1er degré (Apprenti),1er-degre/le-silence-24
https://ledifice.net/1er-degre/le-tablier-dapprenti-3,Le Tablier D'Apprenti,1er degré (Apprenti),1er-degre/le-tablier-dapprenti-3
https://ledifice.net/1er-degre/le-taureau-sacre,Le taureau sacré,1er degré (Apprenti),1er-degre/le-taureau-sacre
https://ledifice.net/1er-degre/legregore-6,L'Egrégore (6),1er degré (Apprenti),1er-degre/legregore-6
https://ledifice.net/1er-degre/lequerre-et-la-compas,L'Equerre et la Compas,1er degré (Apprenti),1er-degre/lequerre-et-la-compas
https://ledifice.net/1er-degre/les-bijoux-2,Les Bijoux,1er degré (Apprenti),1er-degre/les-bijoux-2
https://ledifice.net/1er-degre/les-bijoux-mobiles-et-immobiles-2,Les Bijoux mobiles et immobiles,1er degré (Apprenti),1er-degre/les-bijoux-mobiles-et-immobiles-2
https://ledifice.net/1er-degre/les-colonnes-j-et-b,Les Colonnes J et B,1er degré (Apprenti),1er-degre/les-colonnes-j-et-b
https://ledifice.net/1er-degre/les-gants-blancs-4,Les Gants Blancs,1er degré (Apprenti),1er-degre/les-gants-blancs-4
https://ledifice.net/1er-degre/les-piliers-3,Les Piliers,1er degré (Apprenti),1er-degre/les-piliers-3
https://ledifice.net/1er-degre/les-templiers-et-la-maconnerie-ecossaise,Les Templiers et la Maçonnerie Ecossaise,1er degré (Apprenti),1er-degre/les-templiers-et-la-maconnerie-ecossaise
https://ledifice.net/1er-degre/les-trois-fenetres-4,Les trois fenêtres,1er degré (Apprenti),1er-degre/les-trois-fenetres-4
https://ledifice.net/1er-degre/les-trois-piliers-force-sagesse-et-beaute,Les Trois piliers : Force Sagesse et Beauté,1er degré (Apprenti),1er-degre/les-trois-piliers-force-sagesse-et-beaute
https://ledifice.net/1er-degre/les-voyages-de-lapprenti-3,Les Voyages de l'Apprenti,1er degré (Apprenti),1er-degre/les-voyages-de-lapprenti-3
https://ledifice.net/1er-degre/mots-cle-du-1er-degre,Mots clé du 1er degré,1er degré (Apprenti),1er-degre/mots-cle-du-1er-degre
https://ledifice.net/1er-degre/planche-daccueil-des-ff-apprentis-2,Planche d'Accueil des FF Apprentis,1er degré (Apprenti),1er-degre/planche-daccueil-des-ff-apprentis-2
https://ledifice.net/1er-degre/planche-philosophique,Planche Philosophique,1er degré (Apprenti),1er-degre/planche-philosophique
https://ledifice.net/1er-degre/que-lamour-regne-parmi-les-hommes-4,Que l'Amour règne parmi les Hommes !,1er degré (Apprenti),1er-degre/que-lamour-regne-parmi-les-hommes-4
https://ledifice.net/1er-degre/specificite-du-rite-ecossais-ancien-et-accepte-2,Spécificité du Rite Écossais Ancien et Accepté,1er degré (Apprenti),1er-degre/specificite-du-rite-ecossais-ancien-et-accepte-2
https://ledifice.net/1er-degre/un-chemin-de-lumiere,Un chemin de Lumière,1er degré (Apprenti),1er-degre/un-chemin-de-lumiere
https://ledifice.net/1er-degre/vous-recevrez-votre-salaire-a-la-colonne-j-2,Vous recevrez votre Salaire à la Colonne J,1er degré (Apprenti),1er-degre/vous-recevrez-votre-salaire-a-la-colonne-j-2
https://ledifice.net/abonnement,Accédez à l'Édifice (abonnement / inscription email+mot de passe),Pages système / transverses,abonnement
https://ledifice.net/apprenti/jakin/jakin,Jakin,1er degré (Apprenti),apprenti/jakin
https://ledifice.net/apprenti/jakin/jakin-3,JAKIN,1er degré (Apprenti),apprenti/jakin
https://ledifice.net/apprenti/je-le-jure,Je le Jure,1er degré (Apprenti),apprenti/je-le-jure
https://ledifice.net/apprenti/la-chaine-dunion/chaine-dunion-cu,Chaîne d'union (CU),1er degré (Apprenti),apprenti/la-chaine-dunion
https://ledifice.net/apprenti/la-chaine-dunion/la-chaine-dunion-3,La Chaîne d'Union,1er degré (Apprenti),apprenti/la-chaine-dunion
https://ledifice.net/apprenti/la-corde/la-corde-a-noeud,La corde à nœud,1er degré (Apprenti),apprenti/la-corde
https://ledifice.net/apprenti/la-corde/la-corde-a-noeuds-5,La Corde à Noeuds,1er degré (Apprenti),apprenti/la-corde
https://ledifice.net/apprenti/la-dualite/la-solution-du-binaire-ou-lau-dela-de-la-dualite,La solution du Binaire ou l'Au delà de la Dualité,1er degré (Apprenti),apprenti/la-dualite
https://ledifice.net/apprenti/la-franc-maconnerie/la-franc-maconnerie,La franc-maçonnerie,1er degré (Apprenti),apprenti/la-franc-maconnerie
https://ledifice.net/apprenti/la-franc-maconnerie/lastrologie-au-coeur-de-la-maconnerie,L'astrologie au cœur de la maçonnerie,1er degré (Apprenti),apprenti/la-franc-maconnerie
https://ledifice.net/apprenti/la-franc-maconnerie/le-langage-maconnique,Le langage maçonnique,1er degré (Apprenti),apprenti/la-franc-maconnerie
https://ledifice.net/apprenti/la-franc-maconnerie/les-fondements-symboliques-de-la-franc-maconnerie,Les fondements symboliques de la franc-maçonnerie,1er degré (Apprenti),apprenti/la-franc-maconnerie
https://ledifice.net/apprenti/la-fraternite/fraternite,Fraternité,1er degré (Apprenti),apprenti/la-fraternite
https://ledifice.net/apprenti/la-fraternite/la-fraternite-mythe-ou-realite,"La fraternité, mythe ou réalité ?",1er degré (Apprenti),apprenti/la-fraternite
https://ledifice.net/apprenti/la-houppe/la-houppe-dentelee,La Houppe Dentelée,1er degré (Apprenti),apprenti/la-houppe
https://ledifice.net/apprenti/la-houppe/la-houppe-dentelee-4,La Houppe Dentelée,1er degré (Apprenti),apprenti/la-houppe
https://ledifice.net/apprenti/la-kabbale-les-kabbalistes/kabbale-et-chevalerie-les-chevaliers-de-la-table-ronde,Kabbale et Chevalerie : Les Chevaliers de la Table Ronde,1er degré (Apprenti),apprenti/la-kabbale-les-kabbalistes
https://ledifice.net/apprenti/la-kabbale-les-kabbalistes/la-kabbale-introduction-a-la-kabbale,La Kabbale – Introduction à la Kabbale,1er degré (Apprenti),apprenti/la-kabbale-les-kabbalistes
https://ledifice.net/apprenti/la-loge-en-loge/les-quatre-voyages-du-rituel-de-consecration-dune-loge,Les quatre voyages du rituel de consécration,1er degré (Apprenti),apprenti/la-loge-en-loge
https://ledifice.net/apprenti/la-loge-en-loge/planche-dinstruction-sur-la-vie-et-le-travail-de-l-a-en-l,Planche d'instruction sur la vie et le travail de l'A en L,1er degré (Apprenti),apprenti/la-loge-en-loge
https://ledifice.net/apprenti/la-lumiere-les-3-lumieres/la-lumiere-2,La Lumière,1er degré (Apprenti),apprenti/la-lumiere-les-3-lumieres
https://ledifice.net/apprenti/la-lumiere-les-3-lumieres/la-lumiere-5-minutes-de-symbolisme,La Lumière – 5 minutes de symbolisme,1er degré (Apprenti),apprenti/la-lumiere-les-3-lumieres
https://ledifice.net/apprenti/la-lumiere-les-3-lumieres/les-trois-petites-lumieres,Les Trois petites lumières,1er degré (Apprenti),apprenti/la-lumiere-les-3-lumieres
https://ledifice.net/apprenti/la-lumiere-les-3-lumieres/lumiere-symbole-entre-les-symboles,Lumière symbole entre les symboles,1er degré (Apprenti),apprenti/la-lumiere-les-3-lumieres
https://ledifice.net/apprenti/la-lumiere-les-3-lumieres/que-cette-lumiere-nous-eclaire,Que cette lumière nous éclaire,1er degré (Apprenti),apprenti/la-lumiere-les-3-lumieres
https://ledifice.net/apprenti/la-lumiere-les-3-lumieres/symbolisme-de-la-lumiere,Symbolisme de la lumière,1er degré (Apprenti),apprenti/la-lumiere-les-3-lumieres
https://ledifice.net/apprenti/la-lune/le-croissant-de-lune,Le croissant de Lune,1er degré (Apprenti),apprenti/la-lune
https://ledifice.net/apprenti/la-marche-dapprenti/30103-b-la-marche-de-lapprenti,La marche de l'apprenti (30103-B),1er degré (Apprenti),apprenti/la-marche-dapprenti
https://ledifice.net/apprenti/la-marche-dapprenti/la-marche-de-lapprenti,La marche de l'apprenti,1er degré (Apprenti),apprenti/la-marche-dapprenti
https://ledifice.net/apprenti/la-marche-dapprenti/la-marche-de-lapprenti-et-sa-signification,La marche de l'apprenti et sa signification,1er degré (Apprenti),apprenti/la-marche-dapprenti
https://ledifice.net/apprenti/la-marche-dapprenti/que-signifie-la-marche-de-lapprenti-le-zele-quil-doit-montrer-en-marchant-vers-celui-qui-nous-eclaire,Que signifie la marche de l'Apprenti ? Le zèle...,1er degré (Apprenti),apprenti/la-marche-dapprenti
https://ledifice.net/apprenti/la-mort/la-mort-initiatique-ou-putrefaction,La mort initiatique ou putréfaction,1er degré (Apprenti),apprenti/la-mort
https://ledifice.net/apprenti/la-perpendiculaire/la-perpendiculaire-2,La Perpendiculaire,1er degré (Apprenti),apprenti/la-perpendiculaire
https://ledifice.net/apprenti/la-perpendiculaire/la-perpendiculaire-et-lapprenti,La Perpendiculaire et l'Apprenti,1er degré (Apprenti),apprenti/la-perpendiculaire
https://ledifice.net/apprenti/la-pierre-brute/comment-tailler-ma-pierre,Comment tailler ma pierre ?,1er degré (Apprenti),apprenti/la-pierre-brute
https://ledifice.net/apprenti/la-pierre-brute/la-pierre-brute,La Pierre Brute,1er degré (Apprenti),apprenti/la-pierre-brute
https://ledifice.net/apprenti/la-pierre-brute/la-pierre-brute-4,La Pierre Brute (4),1er degré (Apprenti),apprenti/la-pierre-brute
https://ledifice.net/apprenti/la-pierre-brute/le-symbolisme-de-la-pierre-aux-trois-premiers-degres,Le symbolisme de la Pierre aux trois premiers degrés,1er degré (Apprenti),apprenti/la-pierre-brute
https://ledifice.net/apprenti/la-pierre-brute/le-symbolisme-des-pierres,Le symbolisme des pierres,1er degré (Apprenti),apprenti/la-pierre-brute
https://ledifice.net/apprenti/la-planche/comment-tracer-une-planche-maconnique,Comment tracer une planche maçonnique,1er degré (Apprenti),apprenti/la-planche
https://ledifice.net/apprenti/la-planche/le-symbolisme-de-la-planche,Le Symbolisme de la Planche,1er degré (Apprenti),apprenti/la-planche
https://ledifice.net/apprenti/la-planche/plancher,La planche / plancher,1er degré (Apprenti),apprenti/la-planche
https://ledifice.net/apprenti/la-porte/la-porte-basse-2,La Porte Basse,1er degré (Apprenti),apprenti/la-porte
https://ledifice.net/apprenti/la-regle/la-regle-a-travers-les-voyages-du-compagnon,La règle à travers les voyages du Compagnon,1er degré (Apprenti),apprenti/la-regle
https://ledifice.net/apprenti/la-regle/la-regle-et-la-corde-a-noeuds-deux-outils-de-mesure-pour-linitie,La Règle et la Corde à Nœuds – Deux Outils de mesure pour l'Initié,1er degré (Apprenti),apprenti/la-regle
https://ledifice.net/apprenti/la-resurrection/la-resurrection,La Résurrection,1er degré (Apprenti),apprenti/la-resurrection
https://ledifice.net/apprenti/la-sagesse/les-fondements-de-la-sagesse-degypte,Les fondements de la sagesse d'Egypte,1er degré (Apprenti),apprenti/la-sagesse
https://ledifice.net/apprenti/la-transmission/la-transmission,La Transmission,1er degré (Apprenti),apprenti/la-transmission
https://ledifice.net/apprenti/la-transmission/le-rituel-element-de-transmission,"Le Rituel, Elément de Transmission",1er degré (Apprenti),apprenti/la-transmission
https://ledifice.net/apprenti/la-transmission/trasmissione-iniziatica,Trasmissione Iniziatica,1er degré (Apprenti),apprenti/la-transmission
https://ledifice.net/apprenti/la-voute-etoilee/la-voute-etoilee-4,La Voûte étoilée,1er degré (Apprenti),apprenti/la-voute-etoilee
https://ledifice.net/apprenti/la-voute-etoilee/la-voute-etoilee-5,La Voûte Etoilée,1er degré (Apprenti),apprenti/la-voute-etoilee
https://ledifice.net/apprenti/lapprenti/3286-f-le-guide-utile-pour-les-apprentis,Le guide utile pour les apprentis (3286-F),1er degré (Apprenti),apprenti/lapprenti
https://ledifice.net/apprenti/lapprenti/les-decors-et-les-outils-de-la-loge-linstruction-des-apprentis-3,Les décors et les outils de la loge – L'Instruction des Apprentis – 3,1er degré (Apprenti),apprenti/lapprenti
https://ledifice.net/apprenti/lapprenti/les-specificites-du-serment-dapprentiau-rite-de-memphis-misraim,Les Spécificités du Serment d'Apprenti au Rite de Memphis-Misraïm,1er degré (Apprenti),apprenti/lapprenti
https://ledifice.net/apprenti/lapprenti/mysteres-des-trois-premiers-nombres,Mystères des trois premiers nombres,1er degré (Apprenti),apprenti/lapprenti
https://ledifice.net/apprenti/lattouchement/signes-mots-et-attouchements-4,"Signes, Mots et Attouchements",1er degré (Apprenti),apprenti/lattouchement
https://ledifice.net/apprenti/le-bas/3169-b-les-trois-fenetres-du-tableau-de-loge,Les trois fenêtres du tableau de loge (3169-B),1er degré (Apprenti),apprenti/le-bas
https://ledifice.net/apprenti/le-cabinet-de-reflexion/le-cabinet-de-reflexion-1ere-etape-de-linitiation-et-rapport-a-la-mort,Le Cabinet de réflexion – 1ere étape de l'initiation et rapport à la mort,1er degré (Apprenti),apprenti/le-cabinet-de-reflexion
https://ledifice.net/apprenti/le-cabinet-de-reflexion/le-cabinet-de-reflexion-6,Le cabinet de réflexion,1er degré (Apprenti),apprenti/le-cabinet-de-reflexion
https://ledifice.net/apprenti/le-cabinet-de-reflexion/le-cabinet-de-reflexion-ou-lacaverne-alchimique,Le cabinet de réflexion ou la caverne alchimique,1er degré (Apprenti),apprenti/le-cabinet-de-reflexion
https://ledifice.net/apprenti/le-ciseau/le-ciseau-et-le-maillet-2,Le ciseau et le maillet,1er degré (Apprenti),apprenti/le-ciseau
https://ledifice.net/apprenti/le-ciseau/le-ciseau-et-le-maillet-3,Le ciseau et le maillet,1er degré (Apprenti),apprenti/le-ciseau
https://ledifice.net/apprenti/le-ciseau/le-maillet-et-le-ciseau,Le maillet et le ciseau,1er degré (Apprenti),apprenti/le-ciseau
https://ledifice.net/apprenti/le-coeur/elevons-nos-coeurs-en-fraternite,Elevons nos Cœurs en Fraternité…,1er degré (Apprenti),apprenti/le-coeur
https://ledifice.net/apprenti/le-compas/compas-de-proportion,Compas de proportion,1er degré (Apprenti),apprenti/le-compas
https://ledifice.net/apprenti/le-compas/de-lequerre-au-compas-5,De l'Équerre au Compas,1er degré (Apprenti),apprenti/le-compas
https://ledifice.net/apprenti/le-compas/le-compas,Le Compas,1er degré (Apprenti),apprenti/le-compas
https://ledifice.net/apprenti/le-compas/le-compas-et-lequerre,Le Compas et l'Equerre,1er degré (Apprenti),apprenti/le-compas
https://ledifice.net/apprenti/le-compas/le-compas-outil-a-mesurer-et-a-tracer,"Le Compas, outil à mesurer et à tracer",1er degré (Apprenti),apprenti/le-compas
https://ledifice.net/apprenti/le-compas/le-grand-architecte-de-lunivers-et-lequerre-et-le-compas,Le Grand Architecte de l'Univers et l'Equerre et le Compas,1er degré (Apprenti),apprenti/le-compas
https://ledifice.net/apprenti/le-compas/lequerre-et-le-compas,L'équerre et le compas,1er degré (Apprenti),apprenti/le-compas
https://ledifice.net/apprenti/le-compas/lusage-du-compas,L'usage du compas,1er degré (Apprenti),apprenti/le-compas
https://ledifice.net/apprenti/le-compas/position-de-lequerre-et-du-compas-sur-lautel-des-serments,"Position de l'équerre et du compas, sur l'autel des serments",1er degré (Apprenti),apprenti/le-compas
https://ledifice.net/apprenti/le-delta-lumineux/le-delta,Le Delta,1er degré (Apprenti),apprenti/le-delta-lumineux
https://ledifice.net/apprenti/le-delta-lumineux/le-delta-lumineux-3,Le Delta lumineux,1er degré (Apprenti),apprenti/le-delta-lumineux
https://ledifice.net/apprenti/le-delta-lumineux/le-delta-lumineux-4,Le Delta lumineux,1er degré (Apprenti),apprenti/le-delta-lumineux
https://ledifice.net/apprenti/le-delta-lumineux/le-delta-lumineux-appele-egalement-rayonnant-ou-radieux,"Le Delta lumineux, appelé également rayonnant ou radieux",1er degré (Apprenti),apprenti/le-delta-lumineux
https://ledifice.net/apprenti/le-gadlu/le-grand-architecte-de-lunivers-3,Le Grand Architecte de l'Univers,1er degré (Apprenti),apprenti/le-gadlu
https://ledifice.net/apprenti/le-judaisme/judaisme-et-franc-maconnerie,Judaïsme et Franc-Maçonnerie,1er degré (Apprenti),apprenti/le-judaisme
https://ledifice.net/apprenti/le-labyrinthe-les-labyrinthes/le-mythe-du-labyrinthe,Le Mythe du Labyrinthe,1er degré (Apprenti),apprenti/le-labyrinthe-les-labyrinthes
https://ledifice.net/apprenti/le-langage-la-langue/la-langue-des-oiseaux,La langue des Oiseaux,1er degré (Apprenti),apprenti/le-langage-la-langue
https://ledifice.net/apprenti/le-maillet/le-maillet-et-le-ciseau-3,Le Maillet et le Ciseau,1er degré (Apprenti),apprenti/le-maillet
https://ledifice.net/apprenti/le-miel/la-perpendiculaire-ou-fil-a-plomb,La Perpendiculaire ou Fil à Plomb,1er degré (Apprenti),apprenti/le-miel
https://ledifice.net/apprenti/le-mythe/le-mythe-et-la-methode-maconnique,Le mythe et la méthode maçonnique,1er degré (Apprenti),apprenti/le-mythe
https://ledifice.net/apprenti/le-pain/le-pain-et-le-vin,Le pain et le vin,1er degré (Apprenti),apprenti/le-pain
https://ledifice.net/apprenti/le-partage/le-partage,Le Partage,1er degré (Apprenti),apprenti/le-partage
https://ledifice.net/apprenti/le-pave-mosaique/le-pave-mosaique-4,Le Pavé Mosaïque,1er degré (Apprenti),apprenti/le-pave-mosaique
https://ledifice.net/apprenti/le-pave-mosaique/le-pave-mosaique-de-memphis-misraim,Le Pavé Mosaïque de Memphis-Misraïm,1er degré (Apprenti),apprenti/le-pave-mosaique
https://ledifice.net/apprenti/le-pave-mosaique/parler-du-pave-mosaique,Parler du pavé mosaïque,1er degré (Apprenti),apprenti/le-pave-mosaique
https://ledifice.net/apprenti/le-progres/peut-on-parler-du-progres-moral,Peut-on parler du Progrès Moral ?,1er degré (Apprenti),apprenti/le-progres
https://ledifice.net/apprenti/le-rer-rite-ecossais-rectifie/camille-savoire-et-le-regime-ecossais-rectifie,Camille Savoire et le RER,1er degré (Apprenti),apprenti/le-rer-rite-ecossais-rectifie
https://ledifice.net/apprenti/le-rer-rite-ecossais-rectifie/les-fondamentaux-du-rer-1-lesoterisme,Les Fondamentaux du RER – 1 – l'ésotérisme,1er degré (Apprenti),apprenti/le-rer-rite-ecossais-rectifie
https://ledifice.net/apprenti/le-rer-rite-ecossais-rectifie/maitre-ecossais-de-saint-andre,Maître écossais de Saint-André,1er degré (Apprenti),apprenti/le-rer-rite-ecossais-rectifie
https://ledifice.net/apprenti/le-rite-les-rites/le-rite-ancien-et-accepte,Le Rite Ancien et Accepté,1er degré (Apprenti),apprenti/le-rite-les-rites
https://ledifice.net/apprenti/le-rite-les-rites/rite-ecossais-philosophique-rite-ecossais-moderne-ou-rite-francais-ecossise,Rite écossais philosophique,1er degré (Apprenti),apprenti/le-rite-les-rites
https://ledifice.net/apprenti/le-rite-les-rites/rite-primitf-1779,Rite Primitif 1779,1er degré (Apprenti),apprenti/le-rite-les-rites
https://ledifice.net/apprenti/le-rite-les-rites/rites-et-hauts-grades,Rites et Hauts Grades,1er degré (Apprenti),apprenti/le-rite-les-rites
https://ledifice.net/apprenti/le-rituel/etude-de-rituels,Etude de rituels,1er degré (Apprenti),apprenti/le-rituel
https://ledifice.net/apprenti/le-secret-les-secrets/le-secret,Le secret,1er degré (Apprenti),apprenti/le-secret-les-secrets
https://ledifice.net/apprenti/le-secret-les-secrets/le-secret-maconnique,Le secret Maçonnique,1er degré (Apprenti),apprenti/le-secret-les-secrets
https://ledifice.net/apprenti/le-secret-les-secrets/quelques-reflexions-sur-le-secret,Quelques réflexions sur le secret,1er degré (Apprenti),apprenti/le-secret-les-secrets
https://ledifice.net/apprenti/le-serment/comment-etre-fidele-a-mes-serments-maconniques,Comment être fidèle à mes serments maçonniques ?,1er degré (Apprenti),apprenti/le-serment
https://ledifice.net/apprenti/le-serment/le-compas-dans-le-serment,Le Compas dans le Serment,1er degré (Apprenti),apprenti/le-serment
https://ledifice.net/apprenti/le-serment/le-serment,Le Serment,1er degré (Apprenti),apprenti/le-serment
https://ledifice.net/apprenti/le-serment/le-serment-3,Le serment,1er degré (Apprenti),apprenti/le-serment
https://ledifice.net/apprenti/le-serment/le-serment-dapprenti,Le Serment d'Apprenti,1er degré (Apprenti),apprenti/le-serment
https://ledifice.net/apprenti/le-serment/serment-de-lapprenti-rerancien,Serment de l'Apprenti RER(ancien),1er degré (Apprenti),apprenti/le-serment
https://ledifice.net/apprenti/le-silence/du-silence-de-lapprenti-a-la-parole-du,Du silence de l'Apprenti à la parole du...,1er degré (Apprenti),apprenti/le-silence
https://ledifice.net/apprenti/le-silence/eloge-du-silence,Eloge du Silence,1er degré (Apprenti),apprenti/le-silence
https://ledifice.net/apprenti/le-silence/le-silence-8,Le Silence,1er degré (Apprenti),apprenti/le-silence
https://ledifice.net/apprenti/le-silence/le-silence-de-lapprenti-3,Le Silence de l'Apprenti,1er degré (Apprenti),apprenti/le-silence
https://ledifice.net/apprenti/le-silence/le-silence-methode-initiatique,"Le Silence, Méthode Initiatique",1er degré (Apprenti),apprenti/le-silence
https://ledifice.net/apprenti/le-silence/silence-initiatique,Silence initiatique,1er degré (Apprenti),apprenti/le-silence
https://ledifice.net/apprenti/le-symbole-les-symboles/la-portee-rituelle-et-initiatique-de-la-symbolique-maconnique,La Portée rituelle et Initiatique de la symbolique maçonnique,1er degré (Apprenti),apprenti/le-symbole-les-symboles
https://ledifice.net/apprenti/le-symbole-les-symboles/le-symbolisme-en-franc-maconnerie,Le Symbolisme en Franc-Maçonnerie,1er degré (Apprenti),apprenti/le-symbole-les-symboles
https://ledifice.net/apprenti/le-symbole-les-symboles/le-symbolisme-et-le-symbolique,Le Symbolisme et le Symbolique,1er degré (Apprenti),apprenti/le-symbole-les-symboles
https://ledifice.net/apprenti/le-symbole-les-symboles/le-symbolisme-langage-du-sacre-2,"Le symbolisme, langage du sacré",1er degré (Apprenti),apprenti/le-symbole-les-symboles
https://ledifice.net/apprenti/le-symbole-les-symboles/le-symbolisme-outil-de-connaissance,"Le symbolisme, outil de connaissance",1er degré (Apprenti),apprenti/le-symbole-les-symboles
https://ledifice.net/apprenti/le-symbole-les-symboles/le-symbolisme-outil-de-la-connaissance,"Le symbolisme, outil de la connaissance",1er degré (Apprenti),apprenti/le-symbole-les-symboles
https://ledifice.net/apprenti/le-symbole-les-symboles/les-symboles,Les Symboles,1er degré (Apprenti),apprenti/le-symbole-les-symboles
https://ledifice.net/apprenti/le-symbole-les-symboles/quest-ce-quun-symbole,Qu'est-ce qu'un symbole ?,1er degré (Apprenti),apprenti/le-symbole-les-symboles
https://ledifice.net/apprenti/le-symbole-les-symboles/symboles-des-francs-macons,Symboles des francs-maçons,1er degré (Apprenti),apprenti/le-symbole-les-symboles
https://ledifice.net/apprenti/le-symbole-les-symboles/symbolique-maconnique-symbolique-des-nombres,Symbolique Maçonnique & des Nombres,1er degré (Apprenti),apprenti/le-symbole-les-symboles
https://ledifice.net/apprenti/le-tableau-de-loge/comparatif-entre-tableau-de-loge-da,Comparatif entre tableau de loge d'A.,1er degré (Apprenti),apprenti/le-tableau-de-loge
https://ledifice.net/apprenti/le-tableau-de-loge/le-tableau-de-loge-au-grade-dapprenti,Le tableau de Loge au grade d'Apprenti,1er degré (Apprenti),apprenti/le-tableau-de-loge
https://ledifice.net/apprenti/le-tableau-de-loge/le-tableau-de-loge-au-grade-dapprenti-2,Le Tableau de Loge au grade d'Apprenti (2),1er degré (Apprenti),apprenti/le-tableau-de-loge
https://ledifice.net/apprenti/le-tableau-de-loge/le-tapis-de-loge,Le Tapis de Loge,1er degré (Apprenti),apprenti/le-tableau-de-loge
https://ledifice.net/apprenti/le-tableau-de-loge/le-tapis-de-loge-2,Le Tapis de Loge (2),1er degré (Apprenti),apprenti/le-tableau-de-loge
https://ledifice.net/apprenti/le-tableau-de-loge/le-tapis-de-loge-au-grade-dapprenti-du-rite-ecossais-rectifie,Le tapis de loge au Grade d'Apprenti du Rite Écossais Rectifié,1er degré (Apprenti),apprenti/le-tableau-de-loge
https://ledifice.net/apprenti/le-tablier/la-symbolique-du-tablier-pour-lapprenti,La Symbolique du Tablier pour l'Apprenti,1er degré (Apprenti),apprenti/le-tablier
https://ledifice.net/apprenti/le-tablier/le-tablier-5,Le Tablier,1er degré (Apprenti),apprenti/le-tablier
https://ledifice.net/apprenti/le-tablier/le-tablier-6,Le Tablier,1er degré (Apprenti),apprenti/le-tablier
https://ledifice.net/apprenti/le-tablier/le-tablier-dapprenti-protection-signe-dappartenance,"Le Tablier d'Apprenti, Protection, Signe d'Appartenance",1er degré (Apprenti),apprenti/le-tablier
https://ledifice.net/apprenti/le-tablier/reflexions-a-propos-dun-tablier-de-passe,Réflexions à propos d'un Tablier de Passé,1er degré (Apprenti),apprenti/le-tablier
https://ledifice.net/apprenti/le-tapis-de-loge/le-tapis-de-loge-au-grade-dapprentie,Le Tapis de Loge au grade d'Apprentie,1er degré (Apprenti),apprenti/le-tapis-de-loge
https://ledifice.net/apprenti/le-temple/geographie-sacree-le-temple-de-salomon,Géographie Sacrée : Le Temple de Salomon,1er degré (Apprenti),apprenti/le-temple
https://ledifice.net/apprenti/le-temple/le-temple-detruit-perit-ut-vivat,Le temple détruit : Perit ut vivat,1er degré (Apprenti),apprenti/le-temple
https://ledifice.net/apprenti/le-triangle-les-triangles/le-triangle-3,Le triangle,1er degré (Apprenti),apprenti/le-triangle-les-triangles
https://ledifice.net/apprenti/le-triangle-les-triangles/quest-ce-que-le-triangle,Qu'est-ce que le Triangle ?,1er degré (Apprenti),apprenti/le-triangle-les-triangles
https://ledifice.net/apprenti/le-trois/la-significtion-du-nombre-3,La signification du Nombre 3,1er degré (Apprenti),apprenti/le-trois
https://ledifice.net/apprenti/le-trois/le-chiffre-trois,Le Chiffre Trois,1er degré (Apprenti),apprenti/le-trois
https://ledifice.net/apprenti/le-trois/le-nombre-trois,Le Nombre Trois,1er degré (Apprenti),apprenti/le-trois
https://ledifice.net/apprenti/le-trois/le-symbolisme-du-nombre-3,Le symbolisme du nombre 3,1er degré (Apprenti),apprenti/le-trois
https://ledifice.net/apprenti/le-vin/le-vin-et-sa-symbolique,Le Vin et sa Symbolique,1er degré (Apprenti),apprenti/le-vin
https://ledifice.net/apprenti/le-voyage-les-voyages/initiation-et-voyage,Initiation et voyage,1er degré (Apprenti),apprenti/le-voyage-les-voyages
https://ledifice.net/apprenti/le-voyage-les-voyages/le-voyage-2,Le Voyage,1er degré (Apprenti),apprenti/le-voyage-les-voyages
https://ledifice.net/apprenti/le-voyage-les-voyages/les-trois-voyages,Les Trois Voyages,1er degré (Apprenti),apprenti/le-voyage-les-voyages
https://ledifice.net/apprenti/le-voyage-les-voyages/les-voyages,Les Voyages,1er degré (Apprenti),apprenti/le-voyage-les-voyages
https://ledifice.net/apprenti/le-zero/le-nombre-0,Le Nombre 0,1er degré (Apprenti),apprenti/le-zero
https://ledifice.net/apprenti/leau/la-symbolique-de-leau,La symbolique de l'eau,1er degré (Apprenti),apprenti/leau
https://ledifice.net/apprenti/leau/leau-3,L'Eau,1er degré (Apprenti),apprenti/leau
https://ledifice.net/apprenti/leau/leau-et-lepi,L'eau et l'épi,1er degré (Apprenti),apprenti/leau
https://ledifice.net/apprenti/legregore/legregore-4,L'Egrégore (4),1er degré (Apprenti),apprenti/legregore
https://ledifice.net/apprenti/legregore/legregore-mythe-ou-realite,"L'Egrégore, Mythe ou réalité ?",1er degré (Apprenti),apprenti/legregore
https://ledifice.net/apprenti/lengagement/lengagement-du-franc-macon,L'engagement du Franc Maçon,1er degré (Apprenti),apprenti/lengagement
https://ledifice.net/apprenti/lepreuve-les-epreuves/lepreuve-de-la-terre,L'épreuve de la terre,1er degré (Apprenti),apprenti/lepreuve-les-epreuves
https://ledifice.net/apprenti/lequerre/lequerre,L'Equerre,1er degré (Apprenti),apprenti/lequerre
https://ledifice.net/apprenti/lequerre/lequerre-du-venerable-maitre,L'équerre du Vénérable Maître,1er degré (Apprenti),apprenti/lequerre
https://ledifice.net/apprenti/les-3-piliers/le-quatrieme-pilier-eloge-du-symbole-absent,"Le quatrième pilier, éloge du symbole absent",1er degré (Apprenti),apprenti/les-3-piliers
https://ledifice.net/apprenti/les-3-piliers/sagesse-force-beaute,Sagesse Force Beauté,1er degré (Apprenti),apprenti/les-3-piliers
https://ledifice.net/apprenti/les-3-piliers/sagesse-force-et-beaute,"Sagesse, Force et Beauté",1er degré (Apprenti),apprenti/les-3-piliers
https://ledifice.net/apprenti/les-dates/quelques-dates-de-notre-histoire,Quelques dates de notre Histoire,1er degré (Apprenti),apprenti/les-dates
https://ledifice.net/apprenti/les-decors/le-temple-et-ses-decors,Le Temple et ses Décors,1er degré (Apprenti),apprenti/les-decors
https://ledifice.net/apprenti/les-elements/les-quatre-elements,Les Quatre Eléments,1er degré (Apprenti),apprenti/les-elements
https://ledifice.net/apprenti/les-gants/le-tablier-et-les-gants,Le tablier et les gants,1er degré (Apprenti),apprenti/les-gants
https://ledifice.net/apprenti/les-gants/les-gants-blancs-2,Les gants blancs,1er degré (Apprenti),apprenti/les-gants
https://ledifice.net/apprenti/les-grenades/la-grenade,La Grenade,1er degré (Apprenti),apprenti/les-grenades
https://ledifice.net/apprenti/les-lacs-damour/le-lac-damour,Le Lac d'Amour,1er degré (Apprenti),apprenti/les-lacs-damour
https://ledifice.net/apprenti/les-lacs-damour/les-lacs-damour,Les lacs d'amour,1er degré (Apprenti),apprenti/les-lacs-damour
https://ledifice.net/apprenti/les-moeurs/libre-et-de-bonnes-moeurs,Libre et de Bonnes Mœurs,1er degré (Apprenti),apprenti/les-moeurs
https://ledifice.net/apprenti/les-officiers/les-officiers-de-la-loge,Les Officiers de la Loge,1er degré (Apprenti),apprenti/les-officiers
https://ledifice.net/apprenti/les-officiers/offices-et-sautoirs-minute-de-symbolisme,Offices et sautoirs minute de symbolisme,1er degré (Apprenti),apprenti/les-officiers
https://ledifice.net/apprenti/les-officiers/role-etresponsabilite-du-college-dofficiers-en-fonction-de-votre-experiencepersonnelle,Rôle et responsabilité du Collège d'officiers...,1er degré (Apprenti),apprenti/les-officiers
https://ledifice.net/apprenti/les-outils-dapprentis/les-outils-de-lapprenti,Les outils de l'apprenti,1er degré (Apprenti),apprenti/les-outils-dapprentis
https://ledifice.net/apprenti/les-outils-dapprentis/les-outils-de-lapprenti-2,Les outils de l'apprenti (2),1er degré (Apprenti),apprenti/les-outils-dapprentis
https://ledifice.net/apprenti/les-tenebres/la-lumiere-ne-peut-briller-que-dans-les-tenebres,La Lumière ne peut briller que dans les Ténèbres,1er degré (Apprenti),apprenti/les-tenebres
https://ledifice.net/apprenti/les-trois-points/symbolisme-sur-les-3-points-maconniques,Symbolisme sur les 3 points maçonniques,1er degré (Apprenti),apprenti/les-trois-points
https://ledifice.net/apprenti/lesperance/lesperance,L'Espérance,1er degré (Apprenti),apprenti/lesperance
https://ledifice.net/apprenti/lesprit/loutil-la-main-lesprit,"L'outil, la main, l'esprit",1er degré (Apprenti),apprenti/lesprit
https://ledifice.net/apprenti/lharmonie/harmonie,Harmonie,1er degré (Apprenti),apprenti/lharmonie
https://ledifice.net/apprenti/lharmonie/la-colonne-dharmonie-5,La Colonne d'Harmonie,1er degré (Apprenti),apprenti/lharmonie
https://ledifice.net/apprenti/lheure/puisquil-est-lheure,Puisqu'il est l'heure…,1er degré (Apprenti),apprenti/lheure
https://ledifice.net/apprenti/linitiation/le-parcours-initiatique,Le Parcours Initiatique,1er degré (Apprenti),apprenti/linitiation
https://ledifice.net/apprenti/linitiation/les-etapes-de-linitiation,Les Etapes de l'Initiation,1er degré (Apprenti),apprenti/linitiation
https://ledifice.net/apprenti/linitiation/linitiation-maconnique,L'initiation maçonnique,1er degré (Apprenti),apprenti/linitiation
https://ledifice.net/apprenti/linitiation/mythologie-et-initiation,Mythologie et Initiation,1er degré (Apprenti),apprenti/linitiation
https://ledifice.net/apprenti/linitiation/signes-marche-et-secrets-du-grade-linstruction-de-lapprentis-2,"Signes, marche et secrets du grade – L'instruction de l'Apprentis – 2",1er degré (Apprenti),apprenti/linitiation
https://ledifice.net/apprenti/linstruction/instruction-rite-ecossais-ancien-et-accepte-2,Instruction Rite Écossais Ancien et Accepté,1er degré (Apprenti),apprenti/linstruction
https://ledifice.net/apprenti/loffrande/les-trois-grandes-offrandes,Les trois grandes offrandes,1er degré (Apprenti),apprenti/loffrande
https://ledifice.net/apprenti/louverture/le-rituel-douverture-au-premier-degre,Le rituel d'ouverture au premier degré,1er degré (Apprenti),apprenti/louverture
https://ledifice.net/apprenti/memphis-misraim/le-rite-de-misraim-2,Le Rite de Misraïm,1er degré (Apprenti),apprenti/memphis-misraim
https://ledifice.net/apprenti/palingenesie/palingenesie,Palingenesie,1er degré (Apprenti),apprenti/palingenesie
https://ledifice.net/apprenti/saint-jean-dhiver/de-lequinoxe-dautomne-au-solstice-dhiver,De l'équinoxe d'automne au solstice d'hiver,1er degré (Apprenti),apprenti/saint-jean-dhiver
https://ledifice.net/apprenti/textes-fondateurs/la-maconneriedissequee,La maçonnerie disséquée,1er degré (Apprenti),apprenti/textes-fondateurs
https://ledifice.net/apprenti/vitriol/v-i-t-r-i-o-l,V.I.T.R.I.O.L.,1er degré (Apprenti),apprenti/vitriol
https://ledifice.net/apprenti/vitriol/v-i-t-r-i-o-l-4,V.I.T.R.I.O.L. (4),1er degré (Apprenti),apprenti/vitriol
https://ledifice.net/apprenti/vitriol/v-i-t-r-i-o-l-7,V.I.T.R.I.O.L. (7),1er degré (Apprenti),apprenti/vitriol
https://ledifice.net/apprenti/vitriol/v-i-t-r-i-o-l-la-promesse-deternite-et-dhumanisme-de-la-pierre-cachee,V.I.T.R.I.O.L. « La promesse d'éternité et d'humanisme de la pierre cachée »,1er degré (Apprenti),apprenti/vitriol
https://ledifice.net/apprenti/vitriol/vitriol-7,VITRIOL (7),1er degré (Apprenti),apprenti/vitriol
https://ledifice.net/apprenti/vitriol/vitriol-ou-la-recherche-de-la-pierre-philosophale,VITRIOL ou la recherche de la pierre philosophale,1er degré (Apprenti),apprenti/vitriol
https://ledifice.net/areopage/30/lechelle-mysterieuse,L'echelle mystérieuse,Aréopage (19e-30e),areopage/30
https://ledifice.net/areopage/30/les-deux-pou,Les deux pou (2 poursuivants),Aréopage (19e-30e),areopage/30
https://ledifice.net/areopage/30/nec-plus-ultra-rien-au-dela-approche-spirituelle-par-la-raison,"Nec plus Ultra, rien au-delà, approche spirituelle par la Raison",Aréopage (19e-30e),areopage/30
https://ledifice.net/areopage/32/ad-majorem-dei-gloriam,Ad Majorem Dei Gloriam,Aréopage (19e-30e),areopage/32
https://ledifice.net/areopage/32/les-gonfalons,Les Gonfalons (32°),Aréopage (19e-30e),areopage/32
https://ledifice.net/chapitre/17/le-dix-septieme-degre-et-la-symbolique-du-septenaire,Le dix-septième degré et la symbolique du septénaire,Chapitre (15e-18e),chapitre/17
https://ledifice.net/chapitre/18/atirsatha,Atirsatha (18°),Chapitre (15e-18e),chapitre/18
https://ledifice.net/chapitre/18/charite-foi-et-esperance-3-vertus-pour-partager-et-construire,"Charité, Foi et Espérance… 3 vertus",Chapitre (15e-18e),chapitre/18
https://ledifice.net/chapitre/18/de-la-fonction-royale-a-la-fonction-sacerdotale,De la fonction royale à la fonction sacerdotale,Chapitre (15e-18e),chapitre/18
https://ledifice.net/chapitre/18/la-chevalerie-spirituelle,La Chevalerie Spirituelle,Chapitre (15e-18e),chapitre/18
https://ledifice.net/chapitre/18/la-croix-potencee-et-la-croix-latine,La croix potencée et la croix latine,Chapitre (15e-18e),chapitre/18
https://ledifice.net/chapitre/18/la-parole-perdue-et-la-parole-substituee,La Parole perdue et la Parole substituée,Chapitre (15e-18e),chapitre/18
https://ledifice.net/chapitre/18/la-place-du-18eme-degre-dans-le-reaa,La Place du 18ème degré dans le REAA,Chapitre (15e-18e),chapitre/18
https://ledifice.net/chapitre/18/la-place-du-18eme-degre-dans-le-reaa-2,La Place du 18ème degré dans le REAA (2),Chapitre (15e-18e),chapitre/18
https://ledifice.net/chapitre/18/lattente-et-la-descente-de-la-jerusalem-celeste,L'attente et la descente de la Jerusalem céleste,Chapitre (15e-18e),chapitre/18
https://ledifice.net/chapitre/18/le-pelican-nourrissant-ses-sept-petits,Le Pélican nourrissant ses sept petits,Chapitre (15e-18e),chapitre/18
https://ledifice.net/chapitre/18/le-rosicrucisme,Le Rosicrucisme,Chapitre (15e-18e),chapitre/18
https://ledifice.net/chapitre/18/le-sacre,Le Sacré,Chapitre (15e-18e),chapitre/18
https://ledifice.net/chapitre/18/le-signe-et-le-contresigne,Le signe et le contresigne,Chapitre (15e-18e),chapitre/18
https://ledifice.net/chapitre/18/linitiation-chevaleresque-du-4eme-au-18eme-degre,L'Initiation Chevaleresque du 4ème au 18ème Degré,Chapitre (15e-18e),chapitre/18
https://ledifice.net/chapitre/18/parcours-initiatique-du-grand-elu-parfait-et-sublime-macon,Parcours initiatique du Grand Elu Parfait et Sublime Maçon,Chapitre (15e-18e),chapitre/18
https://ledifice.net/chapitre/18/pourquoi-le-18eme-degre-est-qualifie-de-degre-christique-2,Pourquoi le 18ème degré est qualifié de degré christique ?,Chapitre (15e-18e),chapitre/18
https://ledifice.net/chapitre/18/rose-croix-et-chevalier-rose-croix,Rose Croix et Chevalier Rose Croix,Chapitre (15e-18e),chapitre/18
https://ledifice.net/compagnon/accueil-de-compagnon/planche-daccueil-des-ff-compagnons,Planche d'Accueil des FF Compagnons,2e degré (Compagnon),compagnon/accueil-de-compagnon
https://ledifice.net/compagnon/accueil-de-compagnon/planche-daccueil-des-nouveaux-compagnons,Planche d'accueil des nouveaux compagnons,2e degré (Compagnon),compagnon/accueil-de-compagnon
https://ledifice.net/compagnon/arts-liberaux/le-symbolisme-medievaldes-sept-arts-liberaux,Le Symbolisme Médiéval des Sept Arts libéraux,2e degré (Compagnon),compagnon/arts-liberaux
https://ledifice.net/compagnon/arts-liberaux/les-7-arts-liberaux,Les 7 Arts Libéraux,2e degré (Compagnon),compagnon/arts-liberaux
https://ledifice.net/compagnon/arts-liberaux/les-arts-liberaux,Les Arts libéraux,2e degré (Compagnon),compagnon/arts-liberaux
https://ledifice.net/compagnon/arts-liberaux/les-arts-liberaux-2,Les arts liberaux,2e degré (Compagnon),compagnon/arts-liberaux
https://ledifice.net/compagnon/arts-liberaux/les-sept-arts-liberaux,Les Sept Arts libéraux,2e degré (Compagnon),compagnon/arts-liberaux
https://ledifice.net/compagnon/compagnonnage/6009-5-le-compagnon-entre-apprenti-et-maitre,Le Compagnon entre Apprenti et Maître (6009-5),2e degré (Compagnon),compagnon/compagnonnage
https://ledifice.net/compagnon/compagnonnage/compagnonnage-et-fm,Compagnonnage et FM,2e degré (Compagnon),compagnon/compagnonnage
https://ledifice.net/compagnon/compagnonnage/compagnons-et-francs-macons,Compagnons et Francs-maçons,2e degré (Compagnon),compagnon/compagnonnage
https://ledifice.net/compagnon/compagnonnage/impression-au-grade-de-compagnon,Impression au grade de compagnon,2e degré (Compagnon),compagnon/compagnonnage
https://ledifice.net/compagnon/compagnonnage/je-suis-un-compagnon-et-je-le-dis,Je suis un Compagnon et Je le dis,2e degré (Compagnon),compagnon/compagnonnage
https://ledifice.net/compagnon/compagnonnage/le-compagnonnage-2,Le Compagnonnage,2e degré (Compagnon),compagnon/compagnonnage
https://ledifice.net/compagnon/compagnonnage/le-compagnonnage-4,Le Compagnonnage,2e degré (Compagnon),compagnon/compagnonnage
https://ledifice.net/compagnon/compagnonnage/le-compagnonnage-a-la-francaise,Le compagnonnage à la française,2e degré (Compagnon),compagnon/compagnonnage
https://ledifice.net/compagnon/compagnonnage/le-grade-de-compagnon,Le Grade de Compagnon,2e degré (Compagnon),compagnon/compagnonnage
https://ledifice.net/compagnon/compagnonnage/le-signe-dordre-du-compagnon,Le Signe d'Ordre du Compagnon,2e degré (Compagnon),compagnon/compagnonnage
https://ledifice.net/compagnon/compagnonnage/les-devoirs-du-compagnon,Les Devoirs du Compagnon,2e degré (Compagnon),compagnon/compagnonnage
https://ledifice.net/compagnon/compagnonnage/les-mots-de-compagnon,Les mots de Compagnon,2e degré (Compagnon),compagnon/compagnonnage
https://ledifice.net/compagnon/compagnonnage/lettre-a-un-jeune-compagnon,Lettre à un jeune Compagnon,2e degré (Compagnon),compagnon/compagnonnage
https://ledifice.net/compagnon/content/je-suis-content,Je suis content,2e degré (Compagnon),compagnon/content
https://ledifice.net/compagnon/l-etoile-flamboyante/anatole-letoileflamboyante,Anatolé – L'Etoile Flamboyante,2e degré (Compagnon),compagnon/l-etoile-flamboyante
https://ledifice.net/compagnon/l-etoile-flamboyante/jai-vu-letoile-flamboyante,J'ai vu l'étoile flamboyante,2e degré (Compagnon),compagnon/l-etoile-flamboyante
https://ledifice.net/compagnon/l-etoile-flamboyante/l-etoile-flamboyante,L'Étoile Flamboyante,2e degré (Compagnon),compagnon/l-etoile-flamboyante
https://ledifice.net/compagnon/l-etoile-flamboyante/le-pentagramme,Le Pentagramme,2e degré (Compagnon),compagnon/l-etoile-flamboyante
https://ledifice.net/compagnon/l-etoile-flamboyante/letoile-flamboyante-12,L'étoile Flamboyante (12),2e degré (Compagnon),compagnon/l-etoile-flamboyante
https://ledifice.net/compagnon/l-etoile-flamboyante/letoile-flamboyante-14,L'Étoile Flamboyante (14),2e degré (Compagnon),compagnon/l-etoile-flamboyante
https://ledifice.net/compagnon/l-etoile-flamboyante/letoile-flamboyante-15,L'Etoile Flamboyante,2e degré (Compagnon),compagnon/l-etoile-flamboyante
https://ledifice.net/compagnon/l-etoile-flamboyante/letoile-flamboyante-21,L'Étoile Flamboyante,2e degré (Compagnon),compagnon/l-etoile-flamboyante
https://ledifice.net/compagnon/l-etoile-flamboyante/letoile-flamboyante-9,L'Etoile Flamboyante,2e degré (Compagnon),compagnon/l-etoile-flamboyante
https://ledifice.net/compagnon/l-etoile-flamboyante/letoile-flamboyante-et-lalettre-g,L'Étoile Flamboyante et la Lettre G,2e degré (Compagnon),compagnon/l-etoile-flamboyante
https://ledifice.net/compagnon/l-etoile-flamboyante/o-flamboyante-etoile,Ô Flamboyante Etoile !,2e degré (Compagnon),compagnon/l-etoile-flamboyante
https://ledifice.net/compagnon/la-dignite/le-travail-expression-de-la-dignite-de-lhomme,Le Travail – Expression de la Dignité de l'Homme,2e degré (Compagnon),compagnon/la-dignite
https://ledifice.net/compagnon/la-geometrie/nul-nentre-ici-sil-nest-geometre,Nul n'entre ici s'il n'est géomètre,2e degré (Compagnon),compagnon/la-geometrie
https://ledifice.net/compagnon/la-lettre-g/la-lettre-g,La lettre G,2e degré (Compagnon),compagnon/la-lettre-g
https://ledifice.net/compagnon/la-lettre-g/la-lettre-g-6,La lettre « G »,2e degré (Compagnon),compagnon/la-lettre-g
https://ledifice.net/compagnon/la-lettre-g/la-lettre-g-7,La lettre G,2e degré (Compagnon),compagnon/la-lettre-g
https://ledifice.net/compagnon/la-lettre-g/la-lettre-g-et-son-symbolisme,La Lettre G et son symbolisme,2e degré (Compagnon),compagnon/la-lettre-g
https://ledifice.net/compagnon/la-lettre-g/la-lettre-g-negation-meme-du-langage-symbolique,"La lettre G, négation même du langage symbolique ?",2e degré (Compagnon),compagnon/la-lettre-g
https://ledifice.net/compagnon/la-lettre-g/la-lettre-g-pour-geometrie,La lettre G pour Géométrie,2e degré (Compagnon),compagnon/la-lettre-g
https://ledifice.net/compagnon/la-lettre-g/letoile-flamboyante-et-la-lettre-g-2,L'Etoile flamboyante et la Lettre G,2e degré (Compagnon),compagnon/la-lettre-g
https://ledifice.net/compagnon/la-lettre-g/letoile-flamboyante-la-lettre-g-et-le-gadlu,"L'étoile flamboyante, la lettre G et le GADLU",2e degré (Compagnon),compagnon/la-lettre-g
https://ledifice.net/compagnon/la-marche-du-compagnon/la-marche-du-compagnon-franc-macon,La marche du compagnon franc maçon,2e degré (Compagnon),compagnon/la-marche-du-compagnon
https://ledifice.net/compagnon/la-marche-du-compagnon/le-pas-du-compagnon,Le pas du compagnon,2e degré (Compagnon),compagnon/la-marche-du-compagnon
https://ledifice.net/compagnon/la-musique/la-musique-de-loge-une-longue-histoire-demotions,La musique de loge : une longue histoire d'émotions,2e degré (Compagnon),compagnon/la-musique
https://ledifice.net/compagnon/la-pierre-cubique-a-pointe/de-la-pierre-cubique-a-la-pierrephilosophale,De la Pierre Cubique à la pierre Philosophale,2e degré (Compagnon),compagnon/la-pierre-cubique-a-pointe
https://ledifice.net/compagnon/la-pierre-cubique-a-pointe/la-pierre-cubique-a-pointe-2,La Pierre Cubique à pointe,2e degré (Compagnon),compagnon/la-pierre-cubique-a-pointe
https://ledifice.net/compagnon/la-pierre-cubique/de-la-substance-a-la-pierre-angulaire,De la substance à la Pierre Angulaire,2e degré (Compagnon),compagnon/la-pierre-cubique
https://ledifice.net/compagnon/la-pierre-cubique/explication-de-la-pierre-cubique,Explication de la Pierre Cubique,2e degré (Compagnon),compagnon/la-pierre-cubique
https://ledifice.net/compagnon/la-pierre-cubique/la-pierre-cubique,La Pierre Cubique,2e degré (Compagnon),compagnon/la-pierre-cubique
https://ledifice.net/compagnon/la-sphere-les-spheres/les-spheres-terrestre-etcelestes,Les Sphères Terrestre et Célestes,2e degré (Compagnon),compagnon/la-sphere-les-spheres
https://ledifice.net/compagnon/la-sphere-les-spheres/sphere-terrestre-et-sphere-celeste,Sphère terrestre et Sphère Céleste,2e degré (Compagnon),compagnon/la-sphere-les-spheres
https://ledifice.net/compagnon/le-cinq/le-cinq,Le Cinq,2e degré (Compagnon),compagnon/le-cinq
https://ledifice.net/compagnon/le-cinq/le-compagnon-au-coeur-du-nombre-5,Le Compagnon au Cœur du Nombre 5,2e degré (Compagnon),compagnon/le-cinq
https://ledifice.net/compagnon/le-cinq/le-nombre-5-5,Le nombre 5,2e degré (Compagnon),compagnon/le-cinq
https://ledifice.net/compagnon/le-cinq/le-symbolisme-du-nombre-5,Le symbolisme du nombre 5,2e degré (Compagnon),compagnon/le-cinq
https://ledifice.net/compagnon/le-cinq/les-5-pas-du-compagnon,Les 5 pas du compagnon,2e degré (Compagnon),compagnon/le-cinq
https://ledifice.net/compagnon/le-levier/la-regle-et-le-levier,La Règle et le Levier,2e degré (Compagnon),compagnon/le-levier
https://ledifice.net/compagnon/le-niveau/de-la-perpendiculaire-au-niveau-2,De la Perpendiculaire au Niveau,2e degré (Compagnon),compagnon/le-niveau
https://ledifice.net/compagnon/le-niveau/equerre-niveau-et-perpendiculaire-2,"Equerre, Niveau et Perpendiculaire",2e degré (Compagnon),compagnon/le-niveau
https://ledifice.net/compagnon/le-niveau/le-niveau-3,Le Niveau,2e degré (Compagnon),compagnon/le-niveau
https://ledifice.net/compagnon/le-niveau/le-niveau-4,Le Niveau,2e degré (Compagnon),compagnon/le-niveau
https://ledifice.net/compagnon/le-travail/le-cinquieme-voyage-du-compagnon-ou-gloire-au-travail,Le cinquième voyage du compagnon ou Gloire au travail,2e degré (Compagnon),compagnon/le-travail
https://ledifice.net/compagnon/le-travail/travail-maconnique-et-travail-profane-ont-ilsvocation-a-sopposer-ou-a-se-completer,Travail Maçonnique et Travail Profane...,2e degré (Compagnon),compagnon/le-travail
https://ledifice.net/compagnon/le-viatique/les-viatiques,Les Viatiques,2e degré (Compagnon),compagnon/le-viatique
https://ledifice.net/compagnon/le-voyage-les-voyages-2eme-degre/les-voyages-du-compagnon,Les voyages du Compagnon,2e degré (Compagnon),compagnon/le-voyage-les-voyages-2eme-degre
https://ledifice.net/compagnon/le-voyage-les-voyages-2eme-degre/les-voyages-du-compagnon-4,Les voyages du compagnon,2e degré (Compagnon),compagnon/le-voyage-les-voyages-2eme-degre
https://ledifice.net/compagnon/le-voyage-les-voyages-2eme-degre/les-voyages-du-compagnon-au-rer,Les Voyages du Compagnon au RER,2e degré (Compagnon),compagnon/le-voyage-les-voyages-2eme-degre
https://ledifice.net/compagnon/le-voyage-les-voyages-2eme-degre/linterpretation-du-mythe-des-cinq-voyages,L'interprétation du mythe des cinq voyages,2e degré (Compagnon),compagnon/le-voyage-les-voyages-2eme-degre
https://ledifice.net/compagnon/les-cinq-sens/des-cinq-sens-aux-cinq-voyages-du-comp,Des cinq sens aux cinq voyages du Compagnon,2e degré (Compagnon),compagnon/les-cinq-sens
https://ledifice.net/compagnon/les-cinq-sens/les-5-sens,Les 5 Sens,2e degré (Compagnon),compagnon/les-cinq-sens
https://ledifice.net/compagnon/les-ordres-darchitecture/les-ordres-darchitecture,Les Ordres d'architecture,2e degré (Compagnon),compagnon/les-ordres-darchitecture
https://ledifice.net/compagnon/les-outils/les-outils-du-compagnon,Les Outils du Compagnon,2e degré (Compagnon),compagnon/les-outils
https://ledifice.net/compagnon/les-outils/les-outils-du-quatrieme-voyage-rapportes-au-cartouche-correspondant,Les Outils du quatrième voyage rapportés au cartouche,2e degré (Compagnon),compagnon/les-outils
https://ledifice.net/compagnon/shibboleth/schibboleth,Schibboleth,2e degré (Compagnon),compagnon/shibboleth
https://ledifice.net/compagnon/shibboleth/schibboleth-5,Schibboleth,2e degré (Compagnon),compagnon/shibboleth
https://ledifice.net/compagnon/shibboleth/schibboleth-tubalcain,Schibboleth – Tubalcaïn,2e degré (Compagnon),compagnon/shibboleth
https://ledifice.net/compagnon/shibboleth/shibbolet,...Shibbolet,2e degré (Compagnon),compagnon/shibboleth
https://ledifice.net/compagnon/shibboleth/shibboleth-faut-il-tuer-letranger,Shibboleth... Faut-il tuer l'étranger ?,2e degré (Compagnon),compagnon/shibboleth
https://ledifice.net/glossaire-maconnique,Glossaire Maçonnique,Pages système / transverses,glossaire-maconnique
https://ledifice.net/grand-elu-parfait-et-sublime-macon/14/le-pain-et-le-vin-au-14e-degre,Le pain et le vin au 14e degré,14e degré,grand-elu-parfait-et-sublime-macon/14
https://ledifice.net/grand-elu-parfait-et-sublime-macon/14/le-parcours-initiatique-du-grand-elu-parfait-sublime-macon,Le parcours initiatique du grand élu parfait sublime maçon,14e degré,grand-elu-parfait-et-sublime-macon/14
https://ledifice.net/grand-elu-parfait-et-sublime-macon/14/linitiation-gnostique-de-christian-rosenkreutz,L'Initiation Gnostique de Christian Rosenkreutz,14e degré,grand-elu-parfait-et-sublime-macon/14
https://ledifice.net/grand-maitre-architecte/12/du-4eme-au-12eme-degre,Du 4ème au 12ème degré,12e degré,grand-maitre-architecte/12
https://ledifice.net/grand-maitre-architecte/12/la-boulomie-7,La boulomie,12e degré,grand-maitre-architecte/12
https://ledifice.net/hauts-grades/0/etude-symbolique-des-grades-de-vengeance-9eme-10eme-et-11eme-grades-du-r-e-a-a-2,"Étude symbolique des grades de vengeance (9e, 10e, 11e grades du REAA)",Hauts grades (divers),hauts-grades/0
https://ledifice.net/maitre-secret/a04j-a-f-inspecteur-en-quel-lieu-sommes-nous,"A04J-A ; F Inspecteur, en quel lieu sommes-nous ?",4e degré (Maître Secret),maitre-secret/a04j-a-f-inspecteur-en-quel-lieu-sommes-nous
https://ledifice.net/maitre-secret/du-silence-de-lapprenti-au-signe-du-maitre-secret,Du Silence de l'Apprenti au signe du maître Secret,4e degré (Maître Secret),maitre-secret/du-silence-de-lapprenti-au-signe-du-maitre-secret
https://ledifice.net/maitre-secret/en-vert-et-rouge-les-couleurs-au-4ee-grade,En vert et rouge : Les couleurs au 4e grade,4e degré (Maître Secret),maitre-secret/en-vert-et-rouge-les-couleurs-au-4ee-grade
https://ledifice.net/maitre-secret/garder-le-secret-etre-obeissant-rester-fidele,"Garder le secret, être obéissant, rester fidèle",4e degré (Maître Secret),maitre-secret/garder-le-secret-etre-obeissant-rester-fidele
https://ledifice.net/maitre-secret/il-nexiste-en-franc-maconnerie-que-troisgrades,Il n'existe en FM que trois grades,4e degré (Maître Secret),maitre-secret/il-nexiste-en-franc-maconnerie-que-troisgrades
https://ledifice.net/maitre-secret/la-cle-du-devoir,La Clé du Devoir - Maître Secret,4e degré (Maître Secret),maitre-secret/la-cle-du-devoir
https://ledifice.net/maitre-secret/la-route-du-devoir-2,La route du Devoir,4e degré (Maître Secret),maitre-secret/la-route-du-devoir-2
https://ledifice.net/maitre-secret/la-symbolique-du-4eme-degre,La Symbolique du 4ème Degré,4e degré (Maître Secret),maitre-secret/la-symbolique-du-4eme-degre
https://ledifice.net/maitre-secret/la-voie-du-devoir-et-de-la-verite,La voie du Devoir et de la Vérité,4e degré (Maître Secret),maitre-secret/la-voie-du-devoir-et-de-la-verite
https://ledifice.net/maitre-secret/lage-du-maitre-secret,L'âge du maître secret,4e degré (Maître Secret),maitre-secret/lage-du-maitre-secret
https://ledifice.net/maitre-secret/lage-du-ms-3-fois-27-ansaccomplis,L'age du MS : 3 fois 27 ans accomplis,4e degré (Maître Secret),maitre-secret/lage-du-ms-3-fois-27-ansaccomplis
https://ledifice.net/maitre-secret/le-devoir-au-4eme-degre,Le devoir au 4ème degré,4e degré (Maître Secret),maitre-secret/le-devoir-au-4eme-degre
https://ledifice.net/maitre-secret/le-maitre-secret-et-les-sentences-du-4eme-voyage,Le Maître Secret et les sentences du 4ème voyage,4e degré (Maître Secret),maitre-secret/le-maitre-secret-et-les-sentences-du-4eme-voyage
https://ledifice.net/maitre-secret/le-saint-des-saints,Le Saint des Saints,4e degré (Maître Secret),maitre-secret/le-saint-des-saints
https://ledifice.net/maitre-secret/le-saint-des-saints-6,Le Saint des Saints,4e degré (Maître Secret),maitre-secret/le-saint-des-saints-6
https://ledifice.net/maitre-secret/le-sautoir-du-maitre-secret,Le sautoir du maître secret,4e degré (Maître Secret),maitre-secret/le-sautoir-du-maitre-secret
https://ledifice.net/maitre-secret/le-silence-du-maitre-secret-2,Le silence du Maître Secret,4e degré (Maître Secret),maitre-secret/le-silence-du-maitre-secret-2
https://ledifice.net/maitre-secret/les-larmes-dargent-2,Les larmes d'argent,4e degré (Maître Secret),maitre-secret/les-larmes-dargent-2
https://ledifice.net/maitre-secret/les-lieux-de-lelevation-au-reaa,Les lieux de l'élévation au REAA,4e degré (Maître Secret),maitre-secret/les-lieux-de-lelevation-au-reaa
https://ledifice.net/maitre-secret/les-mots-sacres-du-4eme-degre-yod-adonai-ivah,Les mots sacrés du 4ème degré : YOD-ADONAI-IVAH,4e degré (Maître Secret),maitre-secret/les-mots-sacres-du-4eme-degre-yod-adonai-ivah
https://ledifice.net/maitre-secret/que-vous-a-ton-appris,Que vous a-t'on appris ?,4e degré (Maître Secret),maitre-secret/que-vous-a-ton-appris
https://ledifice.net/maitre-secret/socrate-3,Socrate,4e degré (Maître Secret),maitre-secret/socrate-3
https://ledifice.net/maitre/agape-les-agapes/lagape,L'Agape,3e degré (Maître),maitre/agape-les-agapes
https://ledifice.net/maitre/ank/planches-du-troisieme-degre,Planches du troisième degré,3e degré (Maître),maitre/ank
https://ledifice.net/maitre/babel/la-tour-de-babel-2,La tour de Babel,3e degré (Maître),maitre/babel
https://ledifice.net/maitre/compas/entre-lequerre-et-le-compas-7,Entre l'équerre et le compas,3e degré (Maître),maitre/compas
https://ledifice.net/maitre/contes-maconniques/le-dernier-grand-chapitre,Le dernier Grand Chapitre,3e degré (Maître),maitre/contes-maconniques
https://ledifice.net/maitre/dieu-les-dieux/la-notion-ou-le-concept-de-d-ieu-ou-le-nom-hashem,La notion de D.IEU / HASHEM,3e degré (Maître),maitre/dieu-les-dieux
https://ledifice.net/maitre/dieu-les-dieux/le-dieu-du-pasteur-desmons,Le dieu du pasteur Desmons,3e degré (Maître),maitre/dieu-les-dieux
https://ledifice.net/maitre/frederic-auguste-bartholdi,Frédéric Auguste Bartholdi,3e degré (Maître),maitre/frederic-auguste-bartholdi
https://ledifice.net/maitre/grade-de-maitre-3eme-degre/le-tableau-de-loge-au-3e-degre,Le Tableau de loge au 3è degré,3e degré (Maître),maitre/grade-de-maitre-3eme-degre
https://ledifice.net/maitre/grade-de-maitre-3eme-degre/le-tableau-de-loge-au-grade-de-maitre,Le Tableau de Loge au Grade de Maître,3e degré (Maître),maitre/grade-de-maitre-3eme-degre
https://ledifice.net/maitre/grade-de-maitre-3eme-degre/le-tableau-de-loge-du-3eme-degre,Le Tableau de Loge du 3éme degré,3e degré (Maître),maitre/grade-de-maitre-3eme-degre
https://ledifice.net/maitre/guematrie/guematrie,Guématrie,3e degré (Maître),maitre/guematrie
https://ledifice.net/maitre/heraclite/heraclite,Héraclite,3e degré (Maître),maitre/heraclite
https://ledifice.net/maitre/hiram-la-mort-dun-batisseur-ou-lemythe-fondateur-de-la-franc-maconnerieuniverselle,"Hiram, la mort d'un Bâtisseur",3e degré (Maître),maitre/hiram-la-mort-dun-batisseur-ou-lemythe-fondateur-de-la-franc-maconnerieuniverselle
https://ledifice.net/maitre/hiram/la-legende-dhiram,La légende d'Hiram,3e degré (Maître),maitre/hiram
https://ledifice.net/maitre/hiram/la-legende-dhiram-6,La légende d'Hiram,3e degré (Maître),maitre/hiram
https://ledifice.net/maitre/hiram/la-legende-inachevee-du-degre-de-maitre,La Légende inachevée du degré de Maître,3e degré (Maître),maitre/hiram
https://ledifice.net/maitre/hiram/la-mort-dhiram-4,La Mort d'Hiram (4),3e degré (Maître),maitre/hiram
https://ledifice.net/maitre/hiram/la-mort-dhiram-6,La mort d'HIRAM (6),3e degré (Maître),maitre/hiram
https://ledifice.net/maitre/hiram/la-signification-du-mythe-dhiram,La Signification du Mythe d'Hiram,3e degré (Maître),maitre/hiram
https://ledifice.net/maitre/hiram/qui-est-hiram,Qui est Hiram ?,3e degré (Maître),maitre/hiram
https://ledifice.net/maitre/la-beaute/lharmonie-et-le-beau,L'harmonie et le beau,3e degré (Maître),maitre/la-beaute
https://ledifice.net/maitre/la-chambre-du-milieu/la-chambre-du-milieu-3,La Chambre du Milieu,3e degré (Maître),maitre/la-chambre-du-milieu
https://ledifice.net/maitre/la-chambre-du-milieu/la-chambre-du-milieu-5,La chambre du milieu,3e degré (Maître),maitre/la-chambre-du-milieu
https://ledifice.net/maitre/la-chambre-du-milieu/la-chambre-du-milieu-7,La chambre du milieu,3e degré (Maître),maitre/la-chambre-du-milieu
https://ledifice.net/maitre/la-chevalerie/le-miroir-de-la-chevalerie,Le Miroir de la Chevalerie,3e degré (Maître),maitre/la-chevalerie
https://ledifice.net/maitre/la-conscience/le-devoir-et-la-conscience-3,Le devoir et la conscience,3e degré (Maître),maitre/la-conscience
https://ledifice.net/maitre/la-construction-de-soi/7155-1-les-secrets-veritables-des-maitres-macons-les-mots-substitues,Les secrets véritables des Maîtres Maçons,3e degré (Maître),maitre/la-construction-de-soi
https://ledifice.net/maitre/la-cosmogonie-les-cosmogonies/cosmogonie-des-rose-croix,Cosmogonie des Rose-Croix,3e degré (Maître),maitre/la-cosmogonie-les-cosmogonies
https://ledifice.net/maitre/la-foi/franc-maconnerie-et-foi-chretienne,Franc-Maçonnerie et Foi Chrétienne,3e degré (Maître),maitre/la-foi
https://ledifice.net/maitre/la-foi/la-franc-maconnerie-renforce-ma-foi-chretienne,La FM renforce ma foi chrétienne,3e degré (Maître),maitre/la-foi
https://ledifice.net/maitre/la-folie/le-contraire-de-sagesse-ce-nest-pas-la-folie-cest-la-volonte-de-puissance,"Le contraire de sagesse ce n'est pas la folie, c'est la volonté de puissance",3e degré (Maître),maitre/la-folie
https://ledifice.net/maitre/la-force/ma-force-est-dans-le-silence-et-lesperance,Ma Force est dans le Silence et L'Espérance,3e degré (Maître),maitre/la-force
https://ledifice.net/maitre/la-kabbale-les-harodim-et-lalchimie-2,"La Kabbale, Les Harodim, et l'Alchimie",3e degré (Maître),maitre/la-kabbale-les-harodim-et-lalchimie-2
https://ledifice.net/maitre/la-marche-du-maitre/la-marche-des-9-maitres,La marche des 9 maîtres,3e degré (Maître),maitre/la-marche-du-maitre
https://ledifice.net/maitre/la-marche-du-maitre/la-marche-du-maitre-au-reaa,La marche du Maître au REAA,3e degré (Maître),maitre/la-marche-du-maitre
https://ledifice.net/maitre/la-marche-du-maitre/la-marche-du-maitre-macon,La Marche du Maître Maçon,3e degré (Maître),maitre/la-marche-du-maitre
https://ledifice.net/maitre/la-marche-du-maitre/les-trois-pas-de-la-marche-du-maitre,Les Trois pas de la Marche du Maître,3e degré (Maître),maitre/la-marche-du-maitre
https://ledifice.net/maitre/la-marche-du-maitre/trois-petits-pasvers-la-marche-dumaitre,Trois petits pas vers la Marche du Maître,3e degré (Maître),maitre/la-marche-du-maitre
https://ledifice.net/maitre/la-matiere/sil-entend-bien-lart-le-fm-ne-sera-jamais-un-athee-stupide-et-libertin-irreligieux,"S'il entend bien l'Art, le FM ne sera jamais un Athée stupide et libertin irréligieux",3e degré (Maître),maitre/la-matiere
https://ledifice.net/maitre/la-morale/la-symbolique-maconnique-dans-la-flute-enchantee,La Symbolique Maçonnique dans la Flûte Enchantée,3e degré (Maître),maitre/la-morale
https://ledifice.net/maitre/la-mort-dhiram-le-mythe-fondateur-de-lafranc-maconnerie,La mort d'Hiram – le mythe fondateur de la FM,3e degré (Maître),maitre/la-mort-dhiram-le-mythe-fondateur-de-lafranc-maconnerie
https://ledifice.net/maitre/la-parole-perdue/la-parole-perdue-11,La Parole perdue,3e degré (Maître),maitre/la-parole-perdue
https://ledifice.net/maitre/la-parole-perdue/la-parole-perdue-13,La Parole Perdue,3e degré (Maître),maitre/la-parole-perdue
https://ledifice.net/maitre/la-parole-perdue/la-recherche-de-la-parole-perdue-3,La recherche de la Parole perdue,3e degré (Maître),maitre/la-parole-perdue
https://ledifice.net/maitre/la-parole-perdue/parole-dhomme,Parole d'homme,3e degré (Maître),maitre/la-parole-perdue
https://ledifice.net/maitre/la-regle-les-regles/la-regle-2,La règle,3e degré (Maître),maitre/la-regle-les-regles
https://ledifice.net/maitre/la-reine-de-saba/7078-1,La Reine de Saba (7078-1),3e degré (Maître),maitre/la-reine-de-saba
https://ledifice.net/maitre/la-renaissance/de-la-mort-dhiram-a-la-renaissance-du-maitre,De la mort d'Hiram à la renaissance du Maître,3e degré (Maître),maitre/la-renaissance
https://ledifice.net/maitre/la-renaissance/lelevation-renaissance-ou-resurrection,L'élévation : renaissance ou résurrection ?,3e degré (Maître),maitre/la-renaissance
https://ledifice.net/maitre/la-richesse/la-richesse-du-grade-de-maitre,La Richesse du Grade de Maître,3e degré (Maître),maitre/la-richesse
https://ledifice.net/maitre/la-rose-croix/hermetisme-et-rosecroix,Hermétisme et Rose+Croix,3e degré (Maître),maitre/la-rose-croix
https://ledifice.net/maitre/la-rose-croix/la-spiritualite-de-la-rose-croix,La spiritualité de la Rose-Croix,3e degré (Maître),maitre/la-rose-croix
https://ledifice.net/maitre/la-rose-croix/les-rose-croix,Les Rose Croix,3e degré (Maître),maitre/la-rose-croix
https://ledifice.net/maitre/la-spirale/spirales-et-autres-helicoides,Spirales et autres hélicoïdes,3e degré (Maître),maitre/la-spirale
https://ledifice.net/maitre/la-synarchie/la-synarchie,La Synarchie,3e degré (Maître),maitre/la-synarchie
https://ledifice.net/maitre/la-tradition-maconnique-2,La Tradition Maçonnique,3e degré (Maître),maitre/la-tradition-maconnique-2
https://ledifice.net/maitre/la-tradition/r-e-f-o-r-m-espoir-dun-vent,"R.E.F.O.R.M., espoir d'un vent",3e degré (Maître),maitre/la-tradition
https://ledifice.net/maitre/la-violence/la-violence-et-le-sacre-2,La Violence et le Sacré,3e degré (Maître),maitre/la-violence
https://ledifice.net/maitre/lacacia/la-connaissance-repose-a-lombre-de-lacacia,La Connaissance repose à l'ombre de l'Acacia,3e degré (Maître),maitre/lacacia
https://ledifice.net/maitre/lacacia/lacacia-12,L'Acacia,3e degré (Maître),maitre/lacacia
https://ledifice.net/maitre/lacacia/lacacia-3,L'Acacia,3e degré (Maître),maitre/lacacia
https://ledifice.net/maitre/lacacia/lacacia-mest-connu,L'Acacia m'est connu,3e degré (Maître),maitre/lacacia
https://ledifice.net/maitre/lacacia/lacacia-mest-connu-13,L'Acacia m'est connu,3e degré (Maître),maitre/lacacia
https://ledifice.net/maitre/laccueil-du-maitre/reception-au-grade-de-maitre-planche-daccueil-sur-le-theme-de-la-marche-a-reculons,Réception au grade de Maître – Marche à reculons,3e degré (Maître),maitre/laccueil-du-maitre
https://ledifice.net/maitre/laccueil-du-maitre/reception-au-grade-de-maitre-planche-daccueil-sur-le-theme-de-tubalcain,Réception au grade de Maître – Tubalcaïn,3e degré (Maître),maitre/laccueil-du-maitre
https://ledifice.net/maitre/lalchimie/cours-de-philosophie-hermetique-ou-dalchimie-2-2,Cours de Philosophie Hermétique ou d'Alchimie 2/2,3e degré (Maître),maitre/lalchimie
https://ledifice.net/maitre/larbre/de-larbre-a-la-feuille-et-de-la-feuille-a-la-planche,De l'Arbre à la feuille et de la feuille à la Planche,3e degré (Maître),maitre/larbre
https://ledifice.net/maitre/le-baton/la-canne-de-la-maitresse-de-ceremonies,La canne de la Maîtresse de Cérémonies,3e degré (Maître),maitre/le-baton
https://ledifice.net/maitre/le-baton/la-canne-du-compagnon,La canne du compagnon,3e degré (Maître),maitre/le-baton
https://ledifice.net/maitre/le-baton/le-baton-4,Le Bâton,3e degré (Maître),maitre/le-baton
https://ledifice.net/maitre/le-bonheur/le-bonheur,Le Bonheur,3e degré (Maître),maitre/le-bonheur
https://ledifice.net/maitre/le-chapeau-du-vm/le-couvre-chef-en-chambre-du-milieu,Le couvre chef en chambre du milieu,3e degré (Maître),maitre/le-chapeau-du-vm
https://ledifice.net/maitre/le-destin/le-destin-hasard-ou,Le Destin : Hasard ou,3e degré (Maître),maitre/le-destin
https://ledifice.net/maitre/le-devoir-les-devoirs/le-devoir-2,Le devoir,3e degré (Maître),maitre/le-devoir-les-devoirs
https://ledifice.net/maitre/le-dix/le-nombre-10,Le Nombre 10,3e degré (Maître),maitre/le-dix
https://ledifice.net/maitre/le-fils/le-fils-du-pere-ou-la-vie-nouvelle-2,Le fils du père ou la vie nouvelle,3e degré (Maître),maitre/le-fils
https://ledifice.net/maitre/le-jeu-de-marelle,Le jeu de marelle,3e degré (Maître),maitre/le-jeu-de-marelle
https://ledifice.net/maitre/le-juste-les-justes/une-loge-juste-et-parfaite,Une Loge juste et parfaite,3e degré (Maître),maitre/le-juste-les-justes
https://ledifice.net/maitre/le-maitre/la-ronde-des-9-maitres,La ronde des 9 Maîtres,3e degré (Maître),maitre/le-maitre
https://ledifice.net/maitre/le-maitre/le-maitre,Le Maître,3e degré (Maître),maitre/le-maitre
https://ledifice.net/maitre/le-maitre/les-devoirs-du-maitre-macon,Les Devoirs du Maître Maçon,3e degré (Maître),maitre/le-maitre
https://ledifice.net/maitre/le-maitre/les-outils-du-maitre-3,Les Outils du Maître,3e degré (Maître),maitre/le-maitre
https://ledifice.net/maitre/le-mal/le-saint-graal,Le Saint Graal,3e degré (Maître),maitre/le-mal
https://ledifice.net/maitre/le-mormonisme/mormons-franc-macons-sans-le-savoir,"Mormons, Franc-maçons sans le savoir ?",3e degré (Maître),maitre/le-mormonisme
https://ledifice.net/maitre/le-mystere-les-mysteres/franc-maconnerie-dans-loeuvre-hierarchique-ecole-des-mysteres-de-linitiation,FM dans l'Oeuvre Hiérarchique,3e degré (Maître),maitre/le-mystere-les-mysteres
https://ledifice.net/maitre/le-neuf/la-marche-des-neuf-maitres,La Marche des neuf Maîtres,3e degré (Maître),maitre/le-neuf
https://ledifice.net/maitre/le-neuf/le-voyage-des-9-maitres,Le Voyage des 9 Maîtres,3e degré (Maître),maitre/le-neuf
https://ledifice.net/maitre/le-secret-du-silence-ou-le-silence-du-secret,Le Secret du Silence ou Le Silence du Secret,3e degré (Maître),maitre/le-secret-du-silence-ou-le-silence-du-secret
https://ledifice.net/maitre/le-seigneur/asmd,ASMD,3e degré (Maître),maitre/le-seigneur
https://ledifice.net/maitre/le-sept/1-3-5-7-les-pas-les-ages-et-les-outils-aux-3-premiers-degres-du-reaa,"1,3,5,7 – Les pas, les âges et les outils aux 3 premiers degrés du REAA",3e degré (Maître),maitre/le-sept
https://ledifice.net/maitre/le-sept/le-nombre-7-2,Le nombre 7,3e degré (Maître),maitre/le-sept
https://ledifice.net/maitre/le-sept/sept-ans-et-plusou-lage-du-maitre,Sept ans et plus…ou l'âge du Maître,3e degré (Maître),maitre/le-sept
https://ledifice.net/maitre/le-shittim/shittim-ou-lacacia-biblique,Shittim ou l'acacia biblique,3e degré (Maître),maitre/le-shittim
https://ledifice.net/maitre/le-surveillant-les-surveillants/le-plateau-de-premier-surveillant,Le Plateau de Premier Surveillant,3e degré (Maître),maitre/le-surveillant-les-surveillants
https://ledifice.net/maitre/le-surveillant-les-surveillants/le-premier-surveillant,Le Premier Surveillant,3e degré (Maître),maitre/le-surveillant-les-surveillants
https://ledifice.net/maitre/le-surveillant-les-surveillants/le-second-surveillant-3,Le Second Surveillant,3e degré (Maître),maitre/le-surveillant-les-surveillants
https://ledifice.net/maitre/le-tarot-origines-histoire-symbolesinterpretations,"Le Tarot : origines, histoire, symboles, interprétations",3e degré (Maître),maitre/le-tarot-origines-histoire-symbolesinterpretations
https://ledifice.net/maitre/le-temps/francs-macons-et-templiers,Francs-Maçons et Templiers,3e degré (Maître),maitre/le-temps
https://ledifice.net/maitre/le-trait/geometrie-art-du-trait-pourquoi-le-compagnon-doitil-etre-geometre,"Géométrie, Art du Trait, Pourquoi le Compagnon doit-il être Géomètre ?",3e degré (Maître),maitre/le-trait
https://ledifice.net/maitre/le-trait/lart-du-trait,L'Art du Trait,3e degré (Maître),maitre/le-trait
https://ledifice.net/maitre/le-trait/lart-du-trait-2,L'art du trait,3e degré (Maître),maitre/le-trait
https://ledifice.net/maitre/le-trente-trois/le-nombre-33,Le nombre 33,3e degré (Maître),maitre/le-trente-trois
https://ledifice.net/maitre/le-triskele/le-triskele-et-le-ternaire-le-ou-les-triskeles,Le triskèle et le ternaire,3e degré (Maître),maitre/le-triskele
https://ledifice.net/maitre/le-voyage-des-maitres/comment-voyagent-les-maitres,Comment voyagent les Maîtres ?,3e degré (Maître),maitre/le-voyage-des-maitres
https://ledifice.net/maitre/le-voyage-des-maitres/pourquoi-voyagent-les-maitres,Pourquoi voyagent les maîtres ?,3e degré (Maître),maitre/le-voyage-des-maitres
https://ledifice.net/maitre/le-zoar/le-zohar,Le Zohar,3e degré (Maître),maitre/le-zoar
https://ledifice.net/maitre/leglise/eglise-catholique-et-franc-maconnerie,Église catholique et franc-maçonnerie,3e degré (Maître),maitre/leglise
https://ledifice.net/maitre/lepee/lepee-5,L'Epée,3e degré (Maître),maitre/lepee
https://ledifice.net/maitre/lepee/lepee-du-soldat-americain-le-sammy-2,L'Epée du soldat Américain : Le Sammy,3e degré (Maître),maitre/lepee
https://ledifice.net/maitre/les-affaires/laffaire-des-fiches,L'affaire des fiches,3e degré (Maître),maitre/les-affaires
https://ledifice.net/maitre/les-cinq-points-de-la-maitrise/les-5-points-parfaits-de-la-maitrise-2,Les 5 Points Parfaits de la Maîtrise,3e degré (Maître),maitre/les-cinq-points-de-la-maitrise
https://ledifice.net/maitre/les-cinq-points-de-la-maitrise/les-5-points-parfaits-de-la-maitrise-5,Les 5 points parfaits de la maîtrise,3e degré (Maître),maitre/les-cinq-points-de-la-maitrise
https://ledifice.net/maitre/les-cinq-points-de-la-maitrise/les-cinq-points-parfaits-de-la-maitrise-3,Les cinq points parfaits de la maîtrise,3e degré (Maître),maitre/les-cinq-points-de-la-maitrise
https://ledifice.net/maitre/les-cinq-points-de-la-maitrise/les-cinq-points-parfaits-de-la-matrise-7337,Les Cinq Points Parfaits de la Maîtrise,3e degré (Maître),maitre/les-cinq-points-de-la-maitrise
https://ledifice.net/maitre/les-couleurs/les-couleurs,Les Couleurs,3e degré (Maître),maitre/les-couleurs
https://ledifice.net/maitre/les-degres/les-33-degres-du-reaa,Les 33 degrés du REAA,3e degré (Maître),maitre/les-degres
https://ledifice.net/maitre/les-degres/les-trois-degres-delevation,Les Trois degrés d'élévation,3e degré (Maître),maitre/les-degres
https://ledifice.net/maitre/les-elohim/les-sept-puissants-elohim,Les Sept Puissants ÉLOHIM,3e degré (Maître),maitre/les-elohim
https://ledifice.net/maitre/les-grades/histoire-et-avatars-du-grade-de-maitre,Histoire et avatars du grade de Maître,3e degré (Maître),maitre/les-grades
https://ledifice.net/maitre/les-grades/la-gastronomie-au-moyen-age-les-agapes,La Gastronomie au Moyen Age – Les Agapes,3e degré (Maître),maitre/les-grades
https://ledifice.net/maitre/les-grades/les-secrets-du-grade-de-maitre,Les Secrets du Grade de Maître,3e degré (Maître),maitre/les-grades
https://ledifice.net/maitre/les-mauvais-compagnons/les-trois-mauvais-compagnons-5,Les trois mauvais compagnons,3e degré (Maître),maitre/les-mauvais-compagnons
https://ledifice.net/maitre/les-mauvais-compagnons/salomon-hiram-et-trois-mauvais-compagnons,"Salomon, Hiram et trois mauvais compagnons",3e degré (Maître),maitre/les-mauvais-compagnons
https://ledifice.net/maitre/les-metaux/nous-avons-laisse-les-metaux-a-la-porte-du-temple,Nous avons laissé les métaux à la porte du temple,3e degré (Maître),maitre/les-metaux
https://ledifice.net/maitre/les-metaux/nous-avons-laisse-nosmetaux-a-la-porte-du-temple,Nous avons laissé nos métaux à la porte du Temple,3e degré (Maître),maitre/les-metaux
https://ledifice.net/maitre/les-nombres/7033-e-symbolisme-des-nombres-au-grade-de,Symbolisme des Nombres au Grade de Maître,3e degré (Maître),maitre/les-nombres
https://ledifice.net/maitre/les-nombres/le-nombre-dor,Le Nombre d'Or,3e degré (Maître),maitre/les-nombres
https://ledifice.net/maitre/letre-etre/etre-au-diapason,Etre au diapason,3e degré (Maître),maitre/letre-etre
https://ledifice.net/maitre/lexaltation/exaltation-a-la-maitrise-2,Exaltation à la Maîtrise,3e degré (Maître),maitre/lexaltation
https://ledifice.net/maitre/lexpert/la-fonction-de-lexpert,La fonction de l'expert,3e degré (Maître),maitre/lexpert
https://ledifice.net/maitre/lhistoire-des-rose-croix,L'histoire des Rose-Croix,3e degré (Maître),maitre/lhistoire-des-rose-croix
https://ledifice.net/maitre/lhistoire-les-histoires/lhistoire-de-la-franc-maconnerie,L'histoire de la franc-maçonnerie,3e degré (Maître),maitre/lhistoire-les-histoires
https://ledifice.net/maitre/lhumour/le-rituel-detourne-a-lusage-de-lapprenti,Le Rituel détourné à l'usage de l'Apprenti,3e degré (Maître),maitre/lhumour
https://ledifice.net/maitre/lilluminisme/lilluminisme,L'Illuminisme,3e degré (Maître),maitre/lilluminisme
https://ledifice.net/maitre/limmanence/immanence-ou-transcendance,Immanence ou Transcendance,3e degré (Maître),maitre/limmanence
https://ledifice.net/maitre/lorient-les-orients/lorient-eternel-2,L'orient éternel,3e degré (Maître),maitre/lorient-les-orients
https://ledifice.net/maitre/mak-benak/macbenach-mac-benak-hiram-au-tombeau,MacBenach – Mac Benak Hiram au tombeau,3e degré (Maître),maitre/mak-benak
https://ledifice.net/maitre/mak-benak/mon-morceau-darchitecture-mb,Mon morceau d'architecture : MB,3e degré (Maître),maitre/mak-benak
https://ledifice.net/maitre/moabon/de-boaz-a-moabon,De Boaz à Moabon,3e degré (Maître),maitre/moabon
https://ledifice.net/maitre/moabon/moabon-2,Moabon,3e degré (Maître),maitre/moabon
https://ledifice.net/maitre/moabon/mohabon,Mohabon,3e degré (Maître),maitre/moabon
https://ledifice.net/maitre/moabon/nouvelle-approche-historique-et-symbolique-du-mot-de-maitre,Nouvelle approche du Mot de Maître,3e degré (Maître),maitre/moabon
https://ledifice.net/maitre/opus-dei/la-prelature-de-lopus-dei,La Prélature de l'Opus Dei,3e degré (Maître),maitre/opus-dei
https://ledifice.net/maitre/osiris/isis-et-osiris-3,Isis et Osiris,3e degré (Maître),maitre/osiris
https://ledifice.net/maitre/pierre-daumont/pierre-daumont,Pierre d'Aumont,3e degré (Maître),maitre/pierre-daumont
https://ledifice.net/maitre/quelques-reflexions-sur-hiram-et-le-grade-demaitre,Quelques réflexions sur HIRAM et le grade de Maître,3e degré (Maître),maitre/quelques-reflexions-sur-hiram-et-le-grade-demaitre
https://ledifice.net/maitre/ramsay-chevalier-de-ramsay/andre-michel-de-ramsay,André-Michel de RAMSAY,3e degré (Maître),maitre/ramsay-chevalier-de-ramsay
https://ledifice.net/maitre/ramsay-chevalier-de-ramsay/le-discours-du-chevalier-de-ramsay,Le Discours du Chevalier de Ramsay,3e degré (Maître),maitre/ramsay-chevalier-de-ramsay
https://ledifice.net/maitre/tintin-et-la-franc-maconnerie-une-lecturesymbolique-esoterique-et-alchimique-deloeuvre-dherge-2,Tintin et la franc-maçonnerie,3e degré (Maître),maitre/tintin-et-la-franc-maconnerie-une-lecturesymbolique-esoterique-et-alchimique-deloeuvre-dherge-2
https://ledifice.net/maitre/tradition-hermetique-et-franc-maconnerie,Tradition Hermétique et Franc-Maçonnerie,3e degré (Maître),maitre/tradition-hermetique-et-franc-maconnerie
https://ledifice.net/maitre/trois-cinq-sept/3-5-7-ans-et-plus-les-nombres,"3, 5, 7 ans … et plus – Les Nombres",3e degré (Maître),maitre/trois-cinq-sept
https://ledifice.net/maitre/trois-cinq-sept/3-la-dirigent-5-leclairent-et-7-la-rendent-juste-et-parfaite,"3 la dirigent, 5 l'éclairent et 7 la rendent juste et parfaite",3e degré (Maître),maitre/trois-cinq-sept
https://ledifice.net/maitre/tubalcain-10,Tubalcain,3e degré (Maître),maitre/tubalcain-10
https://ledifice.net/maitre/tubalcain/tubalcain,Tubalcaïn,3e degré (Maître),maitre/tubalcain
https://ledifice.net/maitre/tubalcain/tubalcain-8,Tubalcaïn,3e degré (Maître),maitre/tubalcain
https://ledifice.net/planches/apprenti/la-marche-dapprenti,La Marche d'Apprenti,Index par grade (/planches/*),planches/apprenti
https://ledifice.net/planches/apprenti/le-silence,Le Silence,Index par grade (/planches/*),planches/apprenti
https://ledifice.net/planches/apprenti/le-venerable-maitre,Le Vénérable Maître,Index par grade (/planches/*),planches/apprenti
https://ledifice.net/planches/apprenti/lharmonie,L'Harmonie,Index par grade (/planches/*),planches/apprenti
https://ledifice.net/planches/areopage/25,25° (landing degré Aréopage),Index par grade (/planches/*),planches/areopage
https://ledifice.net/planches/areopage/30,30° (landing degré Aréopage / Chevalier Kadosch),Index par grade (/planches/*),planches/areopage
https://ledifice.net/planches/chapitre/15,15°,Index par grade (/planches/*),planches/chapitre
https://ledifice.net/planches/compagnon/shibboleth,Shibboleth,Index par grade (/planches/*),planches/compagnon
https://ledifice.net/planches/grand-elu-parfait-et-sublime-macon,Grand Élu Parfait et Sublime Maçon (landing 14°),Index par grade (/planches/*),planches/grand-elu-parfait-et-sublime-macon
https://ledifice.net/planches/grand-elu-parfait-et-sublime-macon/14,14° (landing degré),Index par grade (/planches/*),planches/grand-elu-parfait-et-sublime-macon
https://ledifice.net/planches/maitre-secret,4° – Maître Secret (landing degré),Index par grade (/planches/*),planches/maitre-secret
https://ledifice.net/planches/maitre/la-force,La Force,Index par grade (/planches/*),planches/maitre
https://ledifice.net/planches/maitre/les-degres,Les Degrés,Index par grade (/planches/*),planches/maitre
https://ledifice.net/planches/maitre/lexaltation,L'Exaltation,Index par grade (/planches/*),planches/maitre
https://ledifice.net/planches/maitre/lexpert,L'Expert,Index par grade (/planches/*),planches/maitre
https://ledifice.net/planches/maitre/planche-tracee,Planche Tracée,Index par grade (/planches/*),planches/maitre
https://ledifice.net/politesse-maconnique,Politesse Maçonnique,Pages système / transverses,politesse-maconnique
